Timestamp,Panel Voltage,Panel Current,Panel Power,TR,TL,BR,BL,Pan,Tilt
2022-07-16 01:48:12.473973,1.02,0.7,0.0,825,901,693,783,0.0,-60.0
2022-07-16 01:48:12.625974,1.01,0.6,0.0,827,901,695,782,0.0,-58.5
2022-07-16 01:48:12.777973,1.04,0.7,0.0,818,897,703,788,0.0,-55.5
2022-07-16 01:48:12.929485,1.06,0.6,0.0,811,892,725,792,0.0,-52.5
2022-07-16 01:48:13.026485,1.06,0.7,0.0,807,891,730,794,0.0,-52.5
2022-07-16 01:48:13.121486,1.05,0.7,0.0,808,890,735,794,0.0,-52.5
2022-07-16 01:48:13.219486,1.04,0.6,0.0,815,891,732,790,0.0,-52.5
2022-07-16 01:48:13.313519,1.03,0.6,0.0,822,893,732,785,0.0,-52.5
2022-07-16 01:48:13.411486,1.02,0.7,0.0,822,892,733,785,0.0,-52.5
2022-07-16 01:48:13.465484,1.03,0.6,0.0,821,892,734,785,0.0,-52.5
2022-07-16 01:48:13.522485,1.02,0.7,0.0,821,892,734,786,0.0,-52.5
2022-07-16 01:48:13.576526,1.03,0.6,0.0,820,892,734,786,0.0,-52.5
2022-07-16 01:48:13.633518,1.03,0.6,0.0,820,892,734,788,0.0,-52.5
2022-07-16 01:48:13.690519,1.03,0.6,0.0,819,892,735,787,0.0,-52.5
2022-07-16 01:48:13.744519,1.03,0.6,0.0,819,891,735,788,0.0,-52.5
2022-07-16 01:48:13.801485,1.03,0.6,0.0,819,892,734,787,0.0,-52.5
2022-07-16 01:48:13.858489,1.03,0.6,0.0,819,892,734,788,0.0,-52.5
2022-07-16 01:48:13.911484,1.03,0.7,0.0,817,892,735,789,0.0,-52.5
2022-07-16 01:48:13.969517,1.03,0.6,0.0,818,892,733,788,0.0,-52.5
2022-07-16 01:48:14.026522,1.03,0.6,0.0,819,892,734,788,0.0,-52.5
2022-07-16 01:48:14.079521,1.03,0.6,0.0,819,892,732,788,0.0,-52.5
2022-07-16 01:48:14.136521,1.03,0.6,0.0,819,892,732,788,0.0,-52.5
2022-07-16 01:48:14.193728,1.03,0.6,0.0,820,893,730,787,0.0,-52.5
2022-07-16 01:48:14.247727,1.03,0.6,0.0,822,894,728,785,0.0,-52.5
2022-07-16 01:48:14.304727,1.03,0.7,0.0,823,893,731,783,0.0,-52.5
2022-07-16 01:48:14.361727,1.02,0.6,0.0,827,893,734,780,0.0,-52.5
2022-07-16 01:48:14.415727,1.02,0.7,0.0,827,893,736,781,0.0,-52.5
2022-07-16 01:48:14.472736,1.02,0.6,0.0,828,893,736,780,0.0,-52.5
2022-07-16 01:48:14.529692,1.02,0.6,0.0,827,893,735,780,0.0,-52.5
2022-07-16 01:48:14.583693,1.01,0.7,0.0,829,893,737,780,0.0,-52.5
2022-07-16 01:48:14.640727,1.02,0.7,0.0,827,894,730,781,0.0,-52.5
2022-07-16 01:48:14.697695,1.02,0.6,0.0,825,895,725,782,0.0,-52.5
2022-07-16 01:48:14.751694,1.02,0.7,0.0,825,895,726,783,0.0,-52.5
2022-07-16 01:48:14.902692,1.04,0.7,0.0,814,892,728,790,0.0,-49.5
2022-07-16 01:48:15.000727,1.05,0.7,0.0,810,890,737,792,0.0,-49.5
2022-07-16 01:48:15.095694,1.06,0.6,0.0,806,889,738,795,0.0,-49.5
2022-07-16 01:48:15.193694,1.05,0.6,0.0,806,893,721,795,0.0,-49.5
2022-07-16 01:48:15.287728,1.06,0.7,0.0,800,890,729,798,0.0,-49.5
2022-07-16 01:48:15.382729,1.06,0.6,0.0,801,891,729,798,0.0,-49.5
2022-07-16 01:48:15.439694,1.06,0.7,0.0,799,890,729,799,0.0,-49.5
2022-07-16 01:48:15.496729,1.06,0.7,0.0,802,891,728,798,0.0,-49.5
2022-07-16 01:48:15.550308,1.05,0.6,0.0,804,891,729,797,0.0,-49.5
2022-07-16 01:48:15.607309,1.05,0.6,0.0,804,892,726,798,0.0,-49.5
2022-07-16 01:48:15.664309,1.04,0.6,0.0,805,892,725,796,0.0,-49.5
2022-07-16 01:48:15.718308,1.04,0.6,0.0,807,892,726,795,0.0,-49.5
2022-07-16 01:48:15.775347,1.04,0.7,0.0,807,893,724,795,0.0,-49.5
2022-07-16 01:48:15.832344,1.04,0.7,0.0,808,892,726,795,0.0,-49.5
2022-07-16 01:48:15.886308,1.03,0.7,0.0,810,893,724,795,0.0,-49.5
2022-07-16 01:48:15.943322,1.03,0.6,0.0,809,893,724,795,0.0,-49.5
2022-07-16 01:48:16.000307,1.03,0.6,0.0,809,893,722,795,0.0,-49.5
2022-07-16 01:48:16.054309,1.02,0.6,0.0,809,893,722,796,0.0,-49.5
2022-07-16 01:48:16.111309,1.02,0.6,0.0,810,894,720,795,0.0,-49.5
2022-07-16 01:48:16.168344,1.02,0.6,0.0,809,895,719,795,0.0,-49.5
2022-07-16 01:48:16.222308,1.02,0.6,0.0,810,894,718,795,0.0,-49.5
2022-07-16 01:48:16.279308,1.02,0.7,0.0,810,894,717,795,0.0,-49.5
2022-07-16 01:48:16.332309,1.02,0.6,0.0,810,895,716,795,0.0,-49.5
2022-07-16 01:48:16.389342,1.02,0.6,0.0,811,895,715,794,0.0,-49.5
2022-07-16 01:48:16.446308,1.02,0.6,0.0,810,895,715,795,0.0,-49.5
2022-07-16 01:48:16.500348,1.02,0.6,0.0,811,895,714,795,0.0,-49.5
2022-07-16 01:48:16.557346,1.02,0.6,0.0,811,896,713,795,0.0,-49.5
2022-07-16 01:48:16.614344,1.01,0.6,0.0,812,896,712,794,0.0,-49.5
2022-07-16 01:48:16.668342,1.01,0.6,0.0,812,896,711,794,0.0,-49.5
2022-07-16 01:48:16.725342,1.01,0.6,0.0,812,897,709,794,0.0,-49.5
2022-07-16 01:48:16.877307,1.02,0.6,0.0,807,894,717,797,0.0,-46.5
2022-07-16 01:48:16.975318,1.03,0.6,0.0,801,893,727,800,0.0,-46.5
2022-07-16 01:48:17.069345,1.03,0.7,0.0,801,892,727,800,0.0,-46.5
2022-07-16 01:48:17.164341,1.02,0.7,0.0,804,892,725,799,0.0,-46.5
2022-07-16 01:48:17.261344,1.01,0.7,0.0,808,894,719,797,0.0,-46.5
2022-07-16 01:48:17.356306,1.01,0.6,0.0,807,894,719,797,0.0,-46.5
2022-07-16 01:48:17.413342,1.01,0.6,0.0,807,895,719,798,0.0,-46.5
2022-07-16 01:48:17.470348,1.01,0.6,0.0,809,894,718,797,0.0,-46.5
2022-07-16 01:48:17.524310,1.01,0.6,0.0,808,894,718,798,0.0,-46.5
2022-07-16 01:48:17.581343,1.0,0.7,0.0,810,895,718,796,0.0,-46.5
2022-07-16 01:48:17.635308,1.0,0.6,0.0,811,895,717,796,0.0,-46.5
2022-07-16 01:48:17.692341,1.0,0.6,0.0,810,895,716,796,0.0,-46.5
2022-07-16 01:48:17.749342,1.0,0.6,0.0,810,895,716,796,0.0,-46.5
2022-07-16 01:48:17.803308,1.0,0.6,0.0,810,895,715,796,0.0,-46.5
2022-07-16 01:48:17.860308,1.0,0.6,0.0,810,896,715,796,0.0,-46.5
2022-07-16 01:48:17.917347,1.0,0.6,0.0,810,896,715,796,0.0,-46.5
2022-07-16 01:48:17.971309,1.0,0.6,0.0,810,896,714,797,0.0,-46.5
2022-07-16 01:48:18.028308,0.99,0.7,0.0,811,896,714,796,0.0,-46.5
2022-07-16 01:48:18.085342,0.99,0.7,0.0,812,896,713,795,0.0,-46.5
2022-07-16 01:48:18.139342,0.99,0.6,0.0,811,896,713,796,0.0,-46.5
2022-07-16 01:48:18.196342,0.99,0.6,0.0,812,896,712,796,0.0,-46.5
2022-07-16 01:48:18.252867,0.99,0.6,0.0,811,896,712,796,0.0,-46.5
2022-07-16 01:48:18.306836,0.99,0.6,0.0,811,896,712,796,0.0,-46.5
2022-07-16 01:48:18.363835,0.99,0.6,0.0,812,897,713,796,0.0,-46.5
2022-07-16 01:48:18.420868,0.99,0.6,0.0,812,896,711,796,0.0,-46.5
2022-07-16 01:48:18.474867,0.99,0.6,0.0,812,897,710,795,0.0,-46.5
2022-07-16 01:48:18.531873,0.99,0.6,0.0,812,897,710,796,0.0,-46.5
2022-07-16 01:48:18.588875,0.99,0.6,0.0,812,896,710,796,0.0,-46.5
2022-07-16 01:48:18.642867,0.99,0.6,0.0,811,897,710,796,0.0,-46.5
2022-07-16 01:48:18.699867,0.99,0.6,0.0,812,897,710,796,0.0,-46.5
2022-07-16 01:48:18.850867,1.0,0.6,0.0,802,893,724,801,0.0,-43.5
2022-07-16 01:48:18.945834,1.02,0.6,0.0,791,889,742,806,0.0,-43.5
2022-07-16 01:48:19.043867,1.02,0.6,0.0,789,889,745,807,0.0,-43.5
2022-07-16 01:48:19.137832,1.01,0.7,0.0,790,889,743,807,0.0,-43.5
2022-07-16 01:48:19.235867,1.01,0.6,0.0,793,890,741,806,0.0,-43.5
2022-07-16 01:48:19.330867,1.0,0.6,0.0,795,891,738,806,0.0,-43.5
2022-07-16 01:48:19.387875,1.0,0.7,0.0,796,891,737,806,0.0,-43.5
2022-07-16 01:48:19.440875,1.0,0.6,0.0,796,891,737,805,0.0,-43.5
2022-07-16 01:48:19.497870,1.0,0.6,0.0,795,891,737,805,0.0,-43.5
2022-07-16 01:48:19.554868,1.0,0.6,0.0,797,892,735,805,0.0,-43.5
2022-07-16 01:48:19.608866,1.0,0.6,0.0,797,891,735,805,0.0,-43.5
2022-07-16 01:48:19.665867,1.0,0.7,0.0,798,892,734,804,0.0,-43.5
2022-07-16 01:48:19.722835,0.99,0.6,0.0,799,892,734,804,0.0,-43.5
2022-07-16 01:48:19.776869,1.0,0.7,0.0,798,892,733,804,0.0,-43.5
2022-07-16 01:48:19.833875,1.0,0.6,0.0,798,892,733,804,0.0,-43.5
2022-07-16 01:48:19.890875,1.0,0.6,0.0,799,892,732,804,0.0,-43.5
2022-07-16 01:48:19.944867,0.99,0.6,0.0,800,892,731,803,0.0,-43.5
2022-07-16 01:48:20.001835,0.99,0.6,0.0,800,892,730,803,0.0,-43.5
2022-07-16 01:48:20.058867,0.99,0.6,0.0,800,893,730,804,0.0,-43.5
2022-07-16 01:48:20.112832,0.99,0.6,0.0,801,893,730,803,0.0,-43.5
2022-07-16 01:48:20.169870,1.0,0.6,0.0,800,893,729,804,0.0,-43.5
2022-07-16 01:48:20.223834,1.0,0.6,0.0,800,893,729,803,0.0,-43.5
2022-07-16 01:48:20.280834,0.99,0.7,0.0,800,893,729,803,0.0,-43.5
2022-07-16 01:48:20.337868,1.0,0.6,0.0,799,893,729,804,0.0,-43.5
2022-07-16 01:48:20.391868,0.99,0.5,0.0,800,893,728,803,0.0,-43.5
2022-07-16 01:48:20.448833,0.99,0.6,0.0,801,893,727,803,0.0,-43.5
2022-07-16 01:48:20.505834,0.99,0.6,0.0,801,893,727,803,0.0,-43.5
2022-07-16 01:48:20.559867,0.99,0.6,0.0,803,893,725,802,0.0,-43.5
2022-07-16 01:48:20.616834,0.99,0.6,0.0,803,893,725,802,0.0,-43.5
2022-07-16 01:48:20.673862,0.99,0.7,0.0,803,894,724,802,0.0,-43.5
2022-07-16 01:48:20.767832,1.0,0.6,0.0,802,893,723,802,0.0,-43.5
2022-07-16 01:48:20.862834,0.99,0.6,0.0,804,894,721,801,0.0,-43.5
2022-07-16 01:48:20.960870,0.99,0.6,0.0,805,894,720,800,0.0,-43.5
2022-07-16 01:48:21.054919,0.99,0.6,0.0,805,895,719,800,0.0,-43.5
2022-07-16 01:48:21.152955,0.98,0.6,0.0,806,895,718,800,0.0,-43.5
2022-07-16 01:48:21.206920,0.98,0.6,0.0,807,895,717,799,0.0,-43.5
2022-07-16 01:48:21.263920,0.98,0.6,0.0,806,895,717,799,0.0,-43.5
2022-07-16 01:48:21.320952,0.98,0.6,0.0,808,895,717,799,0.0,-43.5
2022-07-16 01:48:21.374919,0.98,0.6,0.0,807,896,716,800,0.0,-43.5
2022-07-16 01:48:21.431919,0.98,0.6,0.0,808,895,716,799,0.0,-43.5
2022-07-16 01:48:21.488919,0.98,0.6,0.0,808,896,717,799,0.0,-43.5
2022-07-16 01:48:21.541952,0.98,0.6,0.0,807,895,717,799,0.0,-43.5
2022-07-16 01:48:21.598953,0.98,0.6,0.0,808,895,716,799,0.0,-43.5
2022-07-16 01:48:21.655941,0.98,0.6,0.0,808,895,716,800,0.0,-43.5
2022-07-16 01:48:21.709953,0.98,0.6,0.0,807,895,717,800,0.0,-43.5
2022-07-16 01:48:21.766919,0.98,0.6,0.0,808,896,714,799,0.0,-43.5
2022-07-16 01:48:21.823917,0.98,0.6,0.0,809,896,713,799,0.0,-43.5
2022-07-16 01:48:21.877953,0.98,0.6,0.0,807,896,715,801,0.0,-43.5
2022-07-16 01:48:21.934917,0.98,0.6,0.0,807,896,715,800,0.0,-43.5
2022-07-16 01:48:21.991917,0.98,0.6,0.0,807,896,715,800,0.0,-43.5
2022-07-16 01:48:22.045917,0.98,0.6,0.0,807,896,715,800,0.0,-43.5
2022-07-16 01:48:22.103163,0.97,0.6,0.0,808,896,714,800,0.0,-43.5
2022-07-16 01:48:22.157163,0.97,0.6,0.0,808,897,714,800,0.0,-43.5
2022-07-16 01:48:22.214130,0.96,0.6,0.0,810,897,713,799,0.0,-43.5
2022-07-16 01:48:22.271164,0.96,0.6,0.0,811,897,712,799,0.0,-43.5
2022-07-16 01:48:22.325130,0.97,0.6,0.0,810,896,712,799,0.0,-43.5
2022-07-16 01:48:22.382163,0.96,0.6,0.0,811,897,712,799,0.0,-43.5
2022-07-16 01:48:22.439130,0.96,0.6,0.0,810,896,713,799,0.0,-43.5
2022-07-16 01:48:22.493130,0.96,0.6,0.0,812,897,711,798,0.0,-43.5
2022-07-16 01:48:22.590164,0.96,0.6,0.0,811,897,711,799,0.0,-43.5
2022-07-16 01:48:22.685163,0.96,0.6,0.0,811,897,711,799,0.0,-43.5
2022-07-16 01:48:22.783165,0.96,0.6,0.0,812,897,710,799,0.0,-43.5
2022-07-16 01:48:22.877130,0.95,0.6,0.0,814,898,708,798,0.0,-43.5
2022-07-16 01:48:23.029161,0.98,0.6,0.0,801,894,728,804,0.0,-40.5
2022-07-16 01:48:23.127128,0.99,0.6,0.0,795,891,740,808,0.0,-40.5
2022-07-16 01:48:23.180166,0.98,0.6,0.0,795,891,739,807,0.0,-40.5
2022-07-16 01:48:23.237167,0.98,0.6,0.0,797,892,737,806,0.0,-40.5
2022-07-16 01:48:23.294169,0.99,0.6,0.0,795,891,738,807,0.0,-40.5
2022-07-16 01:48:23.348128,0.99,0.6,0.0,796,892,737,806,0.0,-40.5
2022-07-16 01:48:23.405131,0.99,0.6,0.0,796,891,737,807,0.0,-40.5
2022-07-16 01:48:23.460130,0.99,0.6,0.0,796,892,736,807,0.0,-40.5
2022-07-16 01:48:23.516167,0.98,0.6,0.0,796,892,735,807,0.0,-40.5
2022-07-16 01:48:23.573165,0.98,0.6,0.0,797,892,735,807,0.0,-40.5
2022-07-16 01:48:23.627129,0.98,0.6,0.0,798,893,734,806,0.0,-40.5
2022-07-16 01:48:23.684164,0.97,0.6,0.0,799,892,733,806,0.0,-40.5
2022-07-16 01:48:23.741375,0.97,0.6,0.0,798,893,733,807,0.0,-40.5
2022-07-16 01:48:23.795378,0.96,0.6,0.0,801,893,732,805,0.0,-40.5
2022-07-16 01:48:23.852340,0.96,0.6,0.0,805,894,733,803,0.0,-40.5
2022-07-16 01:48:23.909340,0.95,0.6,0.0,807,894,728,802,0.0,-40.5
2022-07-16 01:48:23.963374,0.96,0.6,0.0,804,894,729,804,0.0,-40.5
2022-07-16 01:48:24.020341,0.96,0.6,0.0,804,894,728,804,0.0,-40.5
2022-07-16 01:48:24.077342,0.96,0.6,0.0,805,895,727,803,0.0,-40.5
2022-07-16 01:48:24.131342,0.96,0.6,0.0,803,894,728,804,0.0,-40.5
2022-07-16 01:48:24.188343,0.96,0.6,0.0,805,894,728,803,0.0,-40.5
2022-07-16 01:48:24.245342,0.96,0.6,0.0,802,894,728,805,0.0,-40.5
2022-07-16 01:48:24.298375,0.96,0.6,0.0,804,895,727,804,0.0,-40.5
2022-07-16 01:48:24.355377,0.96,0.7,0.0,804,895,728,804,0.0,-40.5
2022-07-16 01:48:24.413342,0.96,0.6,0.0,803,894,729,805,0.0,-40.5
2022-07-16 01:48:24.466375,0.96,0.6,0.0,803,894,729,804,0.0,-40.5
2022-07-16 01:48:24.564375,0.97,0.6,0.0,802,893,731,805,0.0,-40.5
2022-07-16 01:48:24.659341,0.97,0.6,0.0,801,893,732,805,0.0,-40.5
2022-07-16 01:48:24.753376,0.97,0.6,0.0,802,893,731,805,0.0,-40.5
2022-07-16 01:48:24.851380,0.97,0.6,0.0,801,893,731,805,0.0,-40.5
2022-07-16 01:48:24.946342,0.97,0.6,0.0,801,893,731,806,0.0,-40.5
2022-07-16 01:48:25.003375,0.96,0.5,0.0,806,895,726,803,0.0,-40.5
2022-07-16 01:48:25.060379,0.95,0.6,0.0,809,895,724,801,0.0,-40.5
2022-07-16 01:48:25.113574,0.96,0.6,0.0,804,895,727,804,0.0,-40.5
2022-07-16 01:48:25.170577,0.96,0.6,0.0,805,894,727,804,0.0,-40.5
2022-07-16 01:48:25.227609,0.96,0.6,0.0,804,894,728,805,0.0,-40.5
2022-07-16 01:48:25.281609,0.96,0.6,0.0,801,893,731,806,0.0,-40.5
2022-07-16 01:48:25.338609,0.96,0.6,0.0,801,893,732,807,0.0,-40.5
2022-07-16 01:48:25.395611,0.97,0.6,0.0,799,894,732,808,0.0,-40.5
2022-07-16 01:48:25.449610,0.96,0.6,0.0,801,893,733,807,0.0,-40.5
2022-07-16 01:48:25.506611,0.96,0.6,0.0,802,893,732,806,0.0,-40.5
2022-07-16 01:48:25.563608,0.96,0.6,0.0,801,893,731,807,0.0,-40.5
2022-07-16 01:48:25.617609,0.96,0.6,0.0,801,894,730,807,0.0,-40.5
2022-07-16 01:48:25.674609,0.96,0.6,0.0,802,894,730,806,0.0,-40.5
2022-07-16 01:48:25.728609,0.96,0.6,0.0,800,894,730,807,0.0,-40.5
2022-07-16 01:48:25.785575,0.97,0.6,0.0,799,893,732,808,0.0,-40.5
2022-07-16 01:48:25.842610,0.97,0.6,0.0,798,893,733,808,0.0,-40.5
2022-07-16 01:48:25.896575,0.97,0.6,0.0,798,893,733,808,0.0,-40.5
2022-07-16 01:48:25.953609,0.97,0.6,0.0,798,893,733,809,0.0,-40.5
2022-07-16 01:48:26.010609,0.97,0.6,0.0,798,893,733,809,0.0,-40.5
2022-07-16 01:48:26.064576,0.97,0.6,0.0,799,894,732,808,0.0,-40.5
2022-07-16 01:48:26.121576,0.96,0.6,0.0,801,893,731,807,0.0,-40.5
2022-07-16 01:48:26.178626,0.96,0.6,0.0,805,894,728,805,0.0,-40.5
2022-07-16 01:48:26.231608,0.96,0.6,0.0,803,894,728,806,0.0,-40.5
2022-07-16 01:48:26.288576,0.98,0.6,0.0,799,893,730,807,0.0,-40.5
2022-07-16 01:48:26.383818,0.97,0.6,0.0,799,893,730,807,0.0,-40.5
2022-07-16 01:48:26.481819,0.97,0.6,0.0,800,894,730,807,0.0,-40.5
2022-07-16 01:48:26.575852,0.97,0.6,0.0,801,893,729,807,0.0,-40.5
2022-07-16 01:48:26.673852,0.97,0.6,0.0,800,893,728,807,0.0,-40.5
2022-07-16 01:48:26.768858,0.98,0.6,0.0,798,894,730,808,0.0,-40.5
2022-07-16 01:48:26.825819,0.98,0.6,0.0,799,893,728,807,0.0,-40.5
2022-07-16 01:48:26.878857,0.98,0.6,0.0,799,893,730,808,0.0,-40.5
2022-07-16 01:48:26.935855,0.98,0.6,0.0,800,893,729,807,0.0,-40.5
2022-07-16 01:48:26.992817,0.98,0.6,0.0,800,893,729,807,0.0,-40.5
2022-07-16 01:48:27.046820,0.97,0.6,0.0,802,894,728,806,0.0,-40.5
2022-07-16 01:48:27.103853,0.97,0.6,0.0,802,894,728,806,0.0,-40.5
2022-07-16 01:48:27.161044,0.97,0.6,0.0,801,893,729,807,0.0,-40.5
2022-07-16 01:48:27.215007,0.97,0.6,0.0,801,893,731,807,0.0,-40.5
2022-07-16 01:48:27.272042,0.97,0.6,0.0,799,892,733,808,0.0,-40.5
2022-07-16 01:48:27.329041,0.97,0.6,0.0,799,893,734,808,0.0,-40.5
2022-07-16 01:48:27.383043,0.97,0.6,0.0,800,893,733,809,0.0,-40.5
2022-07-16 01:48:27.440011,0.97,0.6,0.0,798,893,734,810,0.0,-40.5
2022-07-16 01:48:27.497011,0.97,0.6,0.0,799,893,732,809,0.0,-40.5
2022-07-16 01:48:27.551041,0.97,0.6,0.0,798,893,733,809,0.0,-40.5
2022-07-16 01:48:27.608048,0.97,0.6,0.0,798,893,733,810,0.0,-40.5
2022-07-16 01:48:27.662008,0.97,0.6,0.0,798,894,730,809,0.0,-40.5
2022-07-16 01:48:27.719009,0.96,0.6,0.0,800,894,728,808,0.0,-40.5
2022-07-16 01:48:27.776008,0.96,0.6,0.0,802,895,726,808,0.0,-40.5
2022-07-16 01:48:27.829007,0.96,0.6,0.0,803,894,727,808,0.0,-40.5
2022-07-16 01:48:27.886046,0.96,0.6,0.0,805,895,727,806,0.0,-40.5
2022-07-16 01:48:27.944021,0.96,0.7,0.0,804,895,726,807,0.0,-40.5
2022-07-16 01:48:27.997044,0.95,0.6,0.0,805,895,726,806,0.0,-40.5
2022-07-16 01:48:28.054010,0.95,0.6,0.0,806,895,724,806,0.0,-40.5
2022-07-16 01:48:28.111041,0.94,0.6,0.0,807,896,721,805,0.0,-40.5
2022-07-16 01:48:28.206041,0.94,0.6,0.0,808,896,721,805,0.0,-40.5
2022-07-16 01:48:28.304008,0.94,0.6,0.0,808,896,722,805,0.0,-40.5
2022-07-16 01:48:28.398041,0.94,0.6,0.0,809,896,722,805,0.0,-40.5
2022-07-16 01:48:28.493008,0.94,0.6,0.0,810,896,723,805,0.0,-40.5
2022-07-16 01:48:28.591042,0.94,0.6,0.0,809,896,723,804,0.0,-40.5
2022-07-16 01:48:28.644045,0.94,0.6,0.0,809,896,722,805,0.0,-40.5
2022-07-16 01:48:28.702044,0.94,0.6,0.0,809,896,721,805,0.0,-40.5
2022-07-16 01:48:28.759008,0.93,0.6,0.0,810,896,721,804,0.0,-40.5
2022-07-16 01:48:28.812047,0.94,0.6,0.0,811,896,720,803,0.0,-40.5
2022-07-16 01:48:28.870006,0.93,0.6,0.0,811,896,721,804,0.0,-40.5
2022-07-16 01:48:28.927006,0.93,0.5,0.0,813,896,723,803,0.0,-40.5
2022-07-16 01:48:28.980042,0.93,0.6,0.0,813,896,724,802,0.0,-40.5
2022-07-16 01:48:29.037217,0.93,0.6,0.0,813,896,726,803,0.0,-40.5
2022-07-16 01:48:29.094257,0.92,0.6,0.0,814,896,727,802,0.0,-40.5
2022-07-16 01:48:29.148221,0.92,0.6,0.0,814,895,728,802,0.0,-40.5
2022-07-16 01:48:29.205250,0.92,0.6,0.0,815,896,728,801,0.0,-40.5
2022-07-16 01:48:29.262250,0.92,0.5,0.0,815,895,728,803,0.0,-40.5
2022-07-16 01:48:29.316217,0.92,0.6,0.0,815,896,728,802,0.0,-40.5
2022-07-16 01:48:29.373246,0.92,0.5,0.0,815,896,727,802,0.0,-40.5
2022-07-16 01:48:29.430215,0.92,0.6,0.0,816,896,728,802,0.0,-40.5
2022-07-16 01:48:29.484217,0.91,0.5,0.0,817,896,729,801,0.0,-40.5
2022-07-16 01:48:29.541255,0.91,0.6,0.0,819,896,730,800,0.0,-40.5
2022-07-16 01:48:29.598251,0.91,0.6,0.0,819,895,732,800,0.0,-40.5
2022-07-16 01:48:29.652215,0.9,0.6,0.0,820,896,731,799,0.0,-40.5
2022-07-16 01:48:29.709216,0.91,0.6,0.0,819,895,733,800,0.0,-40.5
2022-07-16 01:48:29.762216,0.9,0.6,0.0,820,895,733,799,0.0,-40.5
2022-07-16 01:48:29.820215,0.9,0.6,0.0,820,896,730,799,0.0,-40.5
2022-07-16 01:48:29.877216,0.9,0.6,0.0,820,896,729,799,0.0,-40.5
2022-07-16 01:48:29.930215,0.9,0.6,0.0,821,896,729,799,0.0,-40.5
2022-07-16 01:48:30.028250,0.9,0.6,0.0,821,896,731,799,0.0,-40.5
2022-07-16 01:48:30.123252,0.9,0.6,0.0,821,896,731,799,0.0,-40.5
2022-07-16 01:48:30.221253,0.9,0.6,0.0,822,897,728,798,0.0,-40.5
2022-07-16 01:48:30.315254,0.9,0.6,0.0,822,896,730,799,0.0,-40.5
2022-07-16 01:48:30.413219,0.9,0.6,0.0,823,897,728,797,0.0,-40.5
2022-07-16 01:48:30.467217,0.9,0.5,0.0,824,896,728,796,0.0,-40.5
2022-07-16 01:48:30.524215,0.9,0.6,0.0,824,896,728,796,0.0,-40.5
2022-07-16 01:48:30.577249,0.9,0.6,0.0,825,897,728,796,0.0,-40.5
2022-07-16 01:48:30.635327,0.9,0.6,0.0,824,896,729,796,0.0,-40.5
2022-07-16 01:48:30.692362,0.9,0.6,0.0,824,897,729,796,0.0,-40.5
2022-07-16 01:48:30.745361,0.9,0.5,0.0,824,896,729,796,0.0,-40.5
2022-07-16 01:48:30.802362,0.9,0.6,0.0,823,896,728,797,0.0,-40.5
2022-07-16 01:48:30.859326,0.9,0.5,0.0,824,896,729,797,0.0,-40.5
2022-07-16 01:48:30.913326,0.9,0.5,0.0,824,896,728,796,0.0,-40.5
2022-07-16 01:48:30.971328,0.89,0.6,0.0,825,896,727,795,0.0,-40.5
2022-07-16 01:48:31.027329,0.89,0.6,0.0,825,896,728,796,0.0,-40.5
2022-07-16 01:48:31.081330,0.89,0.6,0.0,826,897,728,795,0.0,-40.5
2022-07-16 01:48:31.138361,0.9,0.6,0.0,826,897,727,795,0.0,-40.5
2022-07-16 01:48:31.195364,0.9,0.6,0.0,824,897,727,797,0.0,-40.5
2022-07-16 01:48:31.249328,0.89,0.6,0.0,825,897,726,795,0.0,-40.5
2022-07-16 01:48:31.306361,0.9,0.6,0.0,826,898,723,794,0.0,-40.5
2022-07-16 01:48:31.363328,0.89,0.6,0.0,827,898,723,793,0.0,-40.5
2022-07-16 01:48:31.417328,0.89,0.6,0.0,829,898,725,790,0.0,-40.5
2022-07-16 01:48:31.474326,0.9,0.6,0.0,828,898,724,792,0.0,-40.5
2022-07-16 01:48:31.531328,0.9,0.5,0.0,826,897,722,794,0.0,-40.5
2022-07-16 01:48:31.585330,0.9,0.6,0.0,825,898,722,794,0.0,-40.5
2022-07-16 01:48:31.642326,0.89,0.5,0.0,827,898,724,793,0.0,-40.5
2022-07-16 01:48:31.699365,0.89,0.6,0.0,828,898,724,791,0.0,-40.5
2022-07-16 01:48:31.753327,0.9,0.5,0.0,827,898,723,793,0.0,-40.5
2022-07-16 01:48:31.904511,0.91,0.6,0.0,825,895,734,794,0.0,-37.5
2022-07-16 01:48:32.002515,0.93,0.6,0.0,820,893,744,799,0.0,-37.5
2022-07-16 01:48:32.096515,0.92,0.6,0.0,819,892,747,800,0.0,-37.5
2022-07-16 01:48:32.195108,0.93,0.6,0.0,819,892,748,799,0.0,-37.5
2022-07-16 01:48:32.289142,0.93,0.6,0.0,816,891,748,802,0.0,-37.5
2022-07-16 01:48:32.384142,0.92,0.6,0.0,817,893,744,802,0.0,-37.5
2022-07-16 01:48:32.441144,0.92,0.6,0.0,818,893,744,801,0.0,-37.5
2022-07-16 01:48:32.498112,0.92,0.6,0.0,816,893,744,802,0.0,-37.5
2022-07-16 01:48:32.552142,0.92,0.6,0.0,817,892,747,803,0.0,-37.5
2022-07-16 01:48:32.609109,0.9,0.6,0.0,817,891,755,803,0.0,-37.5
2022-07-16 01:48:32.666143,0.9,0.6,0.0,819,890,759,802,0.0,-37.5
2022-07-16 01:48:32.720115,0.88,0.5,0.0,823,891,758,801,0.0,-37.5
2022-07-16 01:48:32.777144,0.88,0.6,0.0,822,890,761,801,0.0,-37.5
2022-07-16 01:48:32.834142,0.88,0.5,0.0,821,889,764,802,0.0,-37.5
2022-07-16 01:48:32.888109,0.88,0.5,0.0,821,888,766,802,0.0,-37.5
2022-07-16 01:48:32.945108,0.88,0.6,0.0,821,888,769,802,0.0,-37.5
2022-07-16 01:48:33.001112,0.88,0.6,0.0,819,888,768,804,0.0,-37.5
2022-07-16 01:48:33.055109,0.88,0.6,0.0,820,889,764,803,0.0,-37.5
2022-07-16 01:48:33.112109,0.88,0.5,0.0,820,889,766,803,0.0,-37.5
2022-07-16 01:48:33.166149,0.87,0.6,0.0,821,889,765,802,0.0,-37.5
2022-07-16 01:48:33.223146,0.87,0.6,0.0,821,889,764,802,0.0,-37.5
2022-07-16 01:48:33.280145,0.88,0.5,0.0,817,889,764,806,0.0,-37.5
2022-07-16 01:48:33.334108,0.88,0.6,0.0,817,890,761,806,0.0,-37.5
2022-07-16 01:48:33.391143,0.88,0.6,0.0,817,890,757,806,0.0,-37.5
2022-07-16 01:48:33.448146,0.88,0.5,0.0,815,891,758,806,0.0,-37.5
2022-07-16 01:48:33.502144,0.88,0.6,0.0,817,891,756,806,0.0,-37.5
2022-07-16 01:48:33.559147,0.88,0.5,0.0,815,891,755,807,0.0,-37.5
2022-07-16 01:48:33.616150,0.88,0.5,0.0,814,891,752,808,0.0,-37.5
2022-07-16 01:48:33.670110,0.88,0.5,0.0,815,893,748,807,0.0,-37.5
2022-07-16 01:48:33.727142,0.88,0.5,0.0,816,893,747,806,0.0,-37.5
2022-07-16 01:48:33.821108,0.88,0.6,0.0,817,893,746,805,0.0,-37.5
2022-07-16 01:48:33.919125,0.89,0.6,0.0,816,893,744,807,0.0,-37.5
2022-07-16 01:48:34.014317,0.88,0.6,0.0,817,893,743,806,0.0,-37.5
2022-07-16 01:48:34.111350,0.88,0.6,0.0,815,894,740,808,0.0,-37.5
2022-07-16 01:48:34.206353,0.87,0.6,0.0,817,894,739,806,0.0,-37.5
2022-07-16 01:48:34.263353,0.87,0.5,0.0,817,894,740,805,0.0,-37.5
2022-07-16 01:48:34.317351,0.88,0.5,0.0,818,894,740,805,0.0,-37.5
2022-07-16 01:48:34.374350,0.88,0.6,0.0,817,894,740,806,0.0,-37.5
2022-07-16 01:48:34.431320,0.88,0.5,0.0,816,894,740,807,0.0,-37.5
2022-07-16 01:48:34.485353,0.88,0.5,0.0,814,894,739,808,0.0,-37.5
2022-07-16 01:48:34.542318,0.89,0.6,0.0,812,893,744,810,0.0,-37.5
2022-07-16 01:48:34.599353,0.89,0.5,0.0,811,892,747,810,0.0,-37.5
2022-07-16 01:48:34.653318,0.89,0.6,0.0,811,892,747,810,0.0,-37.5
2022-07-16 01:48:34.710351,0.89,0.6,0.0,811,892,746,810,0.0,-37.5
2022-07-16 01:48:34.767350,0.88,0.5,0.0,811,892,747,810,0.0,-37.5
2022-07-16 01:48:34.821318,0.88,0.6,0.0,812,892,747,810,0.0,-37.5
2022-07-16 01:48:34.878318,0.88,0.6,0.0,813,892,748,809,0.0,-37.5
2022-07-16 01:48:34.935317,0.87,0.5,0.0,816,892,750,807,0.0,-37.5
2022-07-16 01:48:34.988318,0.86,0.6,0.0,819,892,755,804,0.0,-37.5
2022-07-16 01:48:35.045352,0.86,0.5,0.0,822,891,757,803,0.0,-37.5
2022-07-16 01:48:35.102318,0.86,0.6,0.0,823,891,757,802,0.0,-37.5
2022-07-16 01:48:35.156351,0.86,0.6,0.0,823,891,757,802,0.0,-37.5
2022-07-16 01:48:35.213317,0.86,0.6,0.0,823,892,756,801,0.0,-37.5
2022-07-16 01:48:35.267328,0.86,0.6,0.0,822,891,756,802,0.0,-37.5
2022-07-16 01:48:35.324353,0.86,0.6,0.0,821,892,755,803,0.0,-37.5
2022-07-16 01:48:35.381315,0.88,0.5,0.0,819,891,753,804,0.0,-37.5
2022-07-16 01:48:35.435317,0.88,0.5,0.0,816,891,755,807,0.0,-37.5
2022-07-16 01:48:35.492317,0.88,0.6,0.0,814,890,756,808,0.0,-37.5
2022-07-16 01:48:35.549351,0.89,0.5,0.0,815,890,756,808,0.0,-37.5
2022-07-16 01:48:35.644352,0.88,0.6,0.0,817,891,754,806,0.0,-37.5
2022-07-16 01:48:35.741351,0.88,0.5,0.0,816,891,753,806,0.0,-37.5
2022-07-16 01:48:35.836316,0.87,0.5,0.0,818,892,753,805,0.0,-37.5
2022-07-16 01:48:35.931316,0.88,0.5,0.0,817,891,754,806,0.0,-37.5
2022-07-16 01:48:36.028351,0.88,0.6,0.0,814,891,752,808,0.0,-37.5
2022-07-16 01:48:36.082351,0.89,0.6,0.0,811,891,750,810,0.0,-37.5
2022-07-16 01:48:36.139354,0.88,0.6,0.0,811,891,753,810,0.0,-37.5
2022-07-16 01:48:36.196351,0.88,0.6,0.0,813,891,754,809,0.0,-37.5
2022-07-16 01:48:36.250317,0.88,0.5,0.0,812,890,755,810,0.0,-37.5
2022-07-16 01:48:36.307350,0.89,0.5,0.0,810,891,753,811,0.0,-37.5
2022-07-16 01:48:36.364317,0.89,0.6,0.0,809,891,750,812,0.0,-37.5
2022-07-16 01:48:36.418318,0.9,0.6,0.0,808,891,751,812,0.0,-37.5
2022-07-16 01:48:36.475359,0.9,0.6,0.0,808,891,750,812,0.0,-37.5
2022-07-16 01:48:36.532350,0.9,0.6,0.0,808,891,750,812,0.0,-37.5
2022-07-16 01:48:36.586317,0.9,0.6,0.0,809,891,750,812,0.0,-37.5
2022-07-16 01:48:36.643317,0.89,0.5,0.0,810,891,750,811,0.0,-37.5
2022-07-16 01:48:36.700319,0.9,0.6,0.0,810,891,750,811,0.0,-37.5
2022-07-16 01:48:36.754359,0.89,0.6,0.0,811,891,751,811,0.0,-37.5
2022-07-16 01:48:36.811317,0.89,0.5,0.0,814,891,751,808,0.0,-37.5
2022-07-16 01:48:36.868316,0.88,0.6,0.0,816,892,748,807,0.0,-37.5
2022-07-16 01:48:36.922316,0.89,0.5,0.0,816,893,744,806,0.0,-37.5
2022-07-16 01:48:36.979349,0.89,0.6,0.0,815,893,740,806,0.0,-37.5
2022-07-16 01:48:37.036351,0.89,0.6,0.0,815,894,739,807,0.0,-37.5
2022-07-16 01:48:37.089351,0.89,0.6,0.0,814,893,740,808,0.0,-37.5
2022-07-16 01:48:37.147351,0.9,0.6,0.0,815,894,739,807,0.0,-37.5
2022-07-16 01:48:37.200353,0.9,0.6,0.0,815,893,740,807,0.0,-37.5
2022-07-16 01:48:37.257972,0.9,0.5,0.0,814,894,741,807,0.0,-37.5
2022-07-16 01:48:37.314995,0.9,0.5,0.0,814,893,740,807,0.0,-37.5
2022-07-16 01:48:37.368958,0.9,0.6,0.0,813,893,740,808,0.0,-37.5
2022-07-16 01:48:37.465960,0.9,0.6,0.0,813,893,739,808,0.0,-37.5
2022-07-16 01:48:37.561016,0.9,0.6,0.0,812,893,738,809,0.0,-37.5
2022-07-16 01:48:37.659000,0.9,0.6,0.0,814,893,739,808,0.0,-37.5
2022-07-16 01:48:37.752960,0.89,0.6,0.0,815,893,739,807,0.0,-37.5
2022-07-16 01:48:37.850993,0.89,0.6,0.0,814,893,739,807,0.0,-37.5
2022-07-16 01:48:37.904965,0.89,0.5,0.0,815,893,739,807,0.0,-37.5
2022-07-16 01:48:37.961963,0.89,0.6,0.0,815,894,740,807,0.0,-37.5
2022-07-16 01:48:38.015993,0.89,0.6,0.0,814,893,740,808,0.0,-37.5
2022-07-16 01:48:38.072993,0.89,0.5,0.0,815,893,740,807,0.0,-37.5
2022-07-16 01:48:38.129993,0.88,0.5,0.0,816,893,741,807,0.0,-37.5
2022-07-16 01:48:38.183957,0.89,0.6,0.0,815,893,740,807,0.0,-37.5
2022-07-16 01:48:38.240960,0.89,0.5,0.0,814,893,741,808,0.0,-37.5
2022-07-16 01:48:38.297960,0.89,0.6,0.0,814,893,741,808,0.0,-37.5
2022-07-16 01:48:38.351960,0.89,0.6,0.0,813,893,742,808,0.0,-37.5
2022-07-16 01:48:38.408960,0.89,0.6,0.0,814,893,742,808,0.0,-37.5
2022-07-16 01:48:38.465958,0.89,0.6,0.0,814,893,739,807,0.0,-37.5
2022-07-16 01:48:38.518965,0.88,0.5,0.0,817,894,736,806,0.0,-37.5
2022-07-16 01:48:38.575992,0.88,0.5,0.0,819,895,735,804,0.0,-37.5
2022-07-16 01:48:38.633959,0.88,0.6,0.0,818,895,735,804,0.0,-37.5
2022-07-16 01:48:38.686992,0.88,0.6,0.0,818,895,735,804,0.0,-37.5
2022-07-16 01:48:38.743957,0.88,0.6,0.0,818,895,735,804,0.0,-37.5
2022-07-16 01:48:38.800957,0.88,0.6,0.0,818,895,735,805,0.0,-37.5
2022-07-16 01:48:38.854955,0.88,0.6,0.0,818,895,735,805,0.0,-37.5
2022-07-16 01:48:38.911955,0.88,0.5,0.0,818,894,735,805,0.0,-37.5
2022-07-16 01:48:38.968958,0.88,0.5,0.0,818,894,735,804,0.0,-37.5
2022-07-16 01:48:39.022990,0.88,0.6,0.0,819,895,734,804,0.0,-37.5
2022-07-16 01:48:39.079957,0.88,0.5,0.0,818,895,734,804,0.0,-37.5
2022-07-16 01:48:39.133990,0.88,0.6,0.0,819,896,734,804,0.0,-37.5
2022-07-16 01:48:39.190958,0.88,0.6,0.0,819,895,734,804,0.0,-37.5
2022-07-16 01:48:39.288995,0.88,0.6,0.0,818,895,734,803,0.0,-37.5
2022-07-16 01:48:39.383140,0.89,0.5,0.0,818,895,733,804,0.0,-37.5
2022-07-16 01:48:39.478174,0.89,0.6,0.0,818,895,734,804,0.0,-37.5
2022-07-16 01:48:39.575178,0.89,0.6,0.0,818,895,734,803,0.0,-37.5
2022-07-16 01:48:39.670173,0.88,0.5,0.0,820,896,733,803,0.0,-37.5
2022-07-16 01:48:39.727173,0.87,0.6,0.0,822,896,733,801,0.0,-37.5
2022-07-16 01:48:39.784345,0.87,0.6,0.0,822,896,732,801,0.0,-37.5
2022-07-16 01:48:39.838346,0.87,0.5,0.0,821,896,732,801,0.0,-37.5
2022-07-16 01:48:39.895388,0.87,0.5,0.0,822,896,731,801,0.0,-37.5
2022-07-16 01:48:39.952381,0.87,0.5,0.0,822,897,729,801,0.0,-37.5
2022-07-16 01:48:40.006379,0.86,0.6,0.0,821,897,727,801,0.0,-37.5
2022-07-16 01:48:40.063345,0.86,0.5,0.0,822,897,727,800,0.0,-37.5
2022-07-16 01:48:40.116384,0.86,0.6,0.0,822,897,726,800,0.0,-37.5
2022-07-16 01:48:40.174382,0.86,0.6,0.0,823,898,725,799,0.0,-37.5
2022-07-16 01:48:40.231345,0.86,0.6,0.0,823,898,725,799,0.0,-37.5
2022-07-16 01:48:40.284347,0.86,0.6,0.0,824,898,724,799,0.0,-37.5
2022-07-16 01:48:40.341379,0.86,0.5,0.0,824,898,724,799,0.0,-37.5
2022-07-16 01:48:40.398347,0.86,0.6,0.0,823,898,723,799,0.0,-37.5
2022-07-16 01:48:40.452380,0.87,0.5,0.0,823,898,721,799,0.0,-37.5
2022-07-16 01:48:40.509379,0.87,0.6,0.0,823,899,720,799,0.0,-37.5
2022-07-16 01:48:40.566379,0.87,0.5,0.0,824,899,720,799,0.0,-37.5
2022-07-16 01:48:40.620348,0.86,0.5,0.0,824,899,719,797,0.0,-37.5
2022-07-16 01:48:40.677383,0.86,0.5,0.0,824,899,719,798,0.0,-37.5
2022-07-16 01:48:40.734414,0.86,0.6,0.0,824,899,718,798,0.0,-37.5
2022-07-16 01:48:40.788379,0.86,0.6,0.0,824,899,717,798,0.0,-37.5
2022-07-16 01:48:40.845345,0.85,0.5,0.0,825,900,715,797,0.0,-37.5
2022-07-16 01:48:40.902345,0.85,0.6,0.0,826,901,714,796,0.0,-37.5
2022-07-16 01:48:40.956378,0.84,0.6,0.0,828,901,714,795,0.0,-37.5
2022-07-16 01:48:41.013382,0.84,0.6,0.0,828,901,714,794,0.0,-37.5
2022-07-16 01:48:41.165346,0.86,0.5,0.0,825,900,716,799,0.0,-34.5
2022-07-16 01:48:41.316346,0.89,0.6,0.0,817,895,730,806,0.0,-31.5
2022-07-16 01:48:41.414380,0.91,0.6,0.0,810,892,744,811,0.0,-31.5
2022-07-16 01:48:41.509381,0.91,0.6,0.0,810,891,745,811,0.0,-31.5
2022-07-16 01:48:41.603349,0.9,0.6,0.0,812,892,743,809,0.0,-31.5
2022-07-16 01:48:41.701380,0.9,0.6,0.0,814,892,741,808,0.0,-31.5
2022-07-16 01:48:41.796345,0.9,0.6,0.0,818,893,739,805,0.0,-31.5
2022-07-16 01:48:41.853345,0.9,0.6,0.0,818,894,739,804,0.0,-31.5
2022-07-16 01:48:41.910344,0.9,0.6,0.0,818,894,738,804,0.0,-31.5
2022-07-16 01:48:41.963377,0.9,0.5,0.0,817,894,737,806,0.0,-31.5
2022-07-16 01:48:42.020379,0.9,0.6,0.0,817,894,736,806,0.0,-31.5
2022-07-16 01:48:42.074379,0.9,0.6,0.0,817,894,737,805,0.0,-31.5
2022-07-16 01:48:42.131383,0.9,0.6,0.0,819,894,738,804,0.0,-31.5
2022-07-16 01:48:42.188379,0.9,0.6,0.0,819,894,739,803,0.0,-31.5
2022-07-16 01:48:42.242386,0.89,0.6,0.0,821,894,739,802,0.0,-31.5
2022-07-16 01:48:42.299553,0.89,0.6,0.0,822,894,739,801,0.0,-31.5
2022-07-16 01:48:42.356550,0.89,0.6,0.0,821,894,738,802,0.0,-31.5
2022-07-16 01:48:42.410517,0.89,0.6,0.0,821,895,737,802,0.0,-31.5
2022-07-16 01:48:42.467518,0.89,0.6,0.0,821,895,736,802,0.0,-31.5
2022-07-16 01:48:42.524555,0.89,0.6,0.0,821,895,735,801,0.0,-31.5
2022-07-16 01:48:42.578517,0.89,0.6,0.0,822,895,734,801,0.0,-31.5
2022-07-16 01:48:42.635515,0.89,0.5,0.0,823,895,732,801,0.0,-31.5
2022-07-16 01:48:42.692516,0.89,0.6,0.0,822,895,733,802,0.0,-31.5
2022-07-16 01:48:42.746517,0.89,0.5,0.0,822,896,732,802,0.0,-31.5
2022-07-16 01:48:42.803519,0.89,0.6,0.0,822,896,732,801,0.0,-31.5
2022-07-16 01:48:42.860515,0.88,0.6,0.0,823,895,733,800,0.0,-31.5
2022-07-16 01:48:42.914552,0.88,0.6,0.0,823,896,734,800,0.0,-31.5
2022-07-16 01:48:42.971517,0.88,0.6,0.0,824,894,741,801,0.0,-31.5
2022-07-16 01:48:43.028553,0.87,0.6,0.0,824,894,744,801,0.0,-31.5
2022-07-16 01:48:43.081516,0.87,0.6,0.0,824,893,745,801,0.0,-31.5
2022-07-16 01:48:43.138518,0.87,0.5,0.0,824,893,744,801,0.0,-31.5
2022-07-16 01:48:43.233561,0.87,0.6,0.0,823,893,742,802,0.0,-31.5
2022-07-16 01:48:43.331550,0.87,0.6,0.0,823,894,742,801,0.0,-31.5
2022-07-16 01:48:43.425550,0.87,0.6,0.0,821,894,740,803,0.0,-31.5
2022-07-16 01:48:43.523550,0.87,0.5,0.0,820,894,740,804,0.0,-31.5
2022-07-16 01:48:43.618516,0.88,0.6,0.0,815,892,747,809,0.0,-31.5
2022-07-16 01:48:43.675552,0.88,0.5,0.0,815,892,746,809,0.0,-31.5
2022-07-16 01:48:43.729551,0.88,0.6,0.0,815,892,745,809,0.0,-31.5
2022-07-16 01:48:43.786517,0.87,0.6,0.0,817,892,744,808,0.0,-31.5
2022-07-16 01:48:43.843517,0.87,0.5,0.0,818,893,741,807,0.0,-31.5
2022-07-16 01:48:43.897515,0.87,0.6,0.0,819,893,741,805,0.0,-31.5
2022-07-16 01:48:43.954517,0.87,0.6,0.0,821,892,744,805,0.0,-31.5
2022-07-16 01:48:44.011553,0.87,0.5,0.0,820,892,744,805,0.0,-31.5
2022-07-16 01:48:44.064551,0.87,0.6,0.0,819,892,743,807,0.0,-31.5
2022-07-16 01:48:44.121515,0.87,0.6,0.0,818,893,742,806,0.0,-31.5
2022-07-16 01:48:44.175516,0.87,0.5,0.0,819,892,742,806,0.0,-31.5
2022-07-16 01:48:44.232551,0.86,0.5,0.0,820,893,742,805,0.0,-31.5
2022-07-16 01:48:44.289550,0.86,0.5,0.0,821,893,742,804,0.0,-31.5
2022-07-16 01:48:44.343517,0.86,0.5,0.0,822,893,742,803,0.0,-31.5
2022-07-16 01:48:44.400515,0.86,0.6,0.0,822,894,741,804,0.0,-31.5
2022-07-16 01:48:44.457553,0.86,0.5,0.0,822,894,740,803,0.0,-31.5
2022-07-16 01:48:44.511518,0.86,0.5,0.0,822,894,740,803,0.0,-31.5
2022-07-16 01:48:44.568550,0.86,0.5,0.0,822,894,740,803,0.0,-31.5
2022-07-16 01:48:44.625550,0.85,0.5,0.0,822,894,740,803,0.0,-31.5
2022-07-16 01:48:44.679550,0.85,0.6,0.0,822,894,740,803,0.0,-31.5
2022-07-16 01:48:44.736549,0.85,0.5,0.0,823,894,742,802,0.0,-31.5
2022-07-16 01:48:44.793515,0.84,0.5,0.0,824,893,744,801,0.0,-31.5
2022-07-16 01:48:44.847515,0.84,0.5,0.0,825,893,744,801,0.0,-31.5
2022-07-16 01:48:44.904515,0.84,0.5,0.0,825,894,744,800,0.0,-31.5
2022-07-16 01:48:44.961549,0.84,0.6,0.0,825,893,744,800,0.0,-31.5
2022-07-16 01:48:45.055520,0.84,0.6,0.0,824,894,745,801,0.0,-31.5
2022-07-16 01:48:45.150517,0.84,0.5,0.0,823,893,743,802,0.0,-31.5
2022-07-16 01:48:45.248558,0.84,0.5,0.0,823,894,742,803,0.0,-31.5
2022-07-16 01:48:45.342550,0.83,0.5,0.0,824,894,742,801,0.0,-31.5
2022-07-16 01:48:45.440515,0.83,0.6,0.0,824,894,740,802,0.0,-31.5
2022-07-16 01:48:45.494553,0.83,0.5,0.0,824,894,741,801,0.0,-31.5
2022-07-16 01:48:45.551517,0.82,0.5,0.0,825,893,744,801,0.0,-31.5
2022-07-16 01:48:45.608550,0.82,0.6,0.0,824,893,746,803,0.0,-31.5
2022-07-16 01:48:45.662517,0.82,0.5,0.0,824,893,744,802,0.0,-31.5
2022-07-16 01:48:45.719551,0.82,0.5,0.0,823,894,742,803,0.0,-31.5
2022-07-16 01:48:45.776515,0.82,0.5,0.0,824,894,740,802,0.0,-31.5
2022-07-16 01:48:45.830517,0.83,0.6,0.0,824,894,739,802,0.0,-31.5
2022-07-16 01:48:45.887553,0.82,0.5,0.0,824,895,737,802,0.0,-31.5
2022-07-16 01:48:45.944518,0.82,0.5,0.0,823,895,736,802,0.0,-31.5
2022-07-16 01:48:45.998550,0.82,0.5,0.0,825,896,735,800,0.0,-31.5
2022-07-16 01:48:46.055550,0.82,0.5,0.0,824,896,733,801,0.0,-31.5
2022-07-16 01:48:46.108555,0.83,0.5,0.0,824,896,733,802,0.0,-31.5
2022-07-16 01:48:46.166515,0.84,0.5,0.0,824,896,735,801,0.0,-31.5
2022-07-16 01:48:46.223515,0.84,0.6,0.0,824,895,737,800,0.0,-31.5
2022-07-16 01:48:46.276520,0.84,0.6,0.0,824,895,735,799,0.0,-31.5
2022-07-16 01:48:46.333552,0.84,0.6,0.0,824,895,735,800,0.0,-31.5
2022-07-16 01:48:46.390553,0.84,0.5,0.0,825,895,735,798,0.0,-31.5
2022-07-16 01:48:46.444550,0.84,0.6,0.0,825,895,736,798,0.0,-31.5
2022-07-16 01:48:46.501550,0.85,0.5,0.0,825,895,734,799,0.0,-31.5
2022-07-16 01:48:46.558550,0.85,0.5,0.0,824,896,733,799,0.0,-31.5
2022-07-16 01:48:46.612550,0.86,0.6,0.0,823,896,730,800,0.0,-31.5
2022-07-16 01:48:46.669553,0.86,0.5,0.0,822,896,727,801,0.0,-31.5
2022-07-16 01:48:46.726560,0.85,0.6,0.0,822,897,722,800,0.0,-31.5
2022-07-16 01:48:46.780517,0.85,0.6,0.0,822,898,722,800,0.0,-31.5
2022-07-16 01:48:46.878518,0.85,0.6,0.0,820,897,720,803,0.0,-31.5
2022-07-16 01:48:46.972518,0.84,0.6,0.0,821,898,718,802,0.0,-31.5
2022-07-16 01:48:47.070517,0.84,0.6,0.0,821,898,718,801,0.0,-31.5
2022-07-16 01:48:47.165517,0.84,0.5,0.0,821,898,719,801,0.0,-31.5
2022-07-16 01:48:47.259517,0.83,0.6,0.0,822,898,719,800,0.0,-31.5
2022-07-16 01:48:47.316553,0.82,0.5,0.0,823,898,720,800,0.0,-31.5
2022-07-16 01:48:47.373684,0.82,0.5,0.0,822,898,720,800,0.0,-31.5
2022-07-16 01:48:47.427682,0.82,0.6,0.0,822,898,720,800,0.0,-31.5
2022-07-16 01:48:47.484718,0.82,0.6,0.0,822,897,723,801,0.0,-31.5
2022-07-16 01:48:47.541722,0.8,0.5,0.0,823,896,730,801,0.0,-31.5
2022-07-16 01:48:47.595684,0.79,0.5,0.0,824,895,736,800,0.0,-31.5
2022-07-16 01:48:47.652682,0.78,0.5,0.0,823,895,737,800,0.0,-31.5
2022-07-16 01:48:47.709722,0.78,0.5,0.0,822,895,734,802,0.0,-31.5
2022-07-16 01:48:47.763684,0.79,0.5,0.0,821,896,730,803,0.0,-31.5
2022-07-16 01:48:47.820723,0.79,0.5,0.0,820,896,729,803,0.0,-31.5
2022-07-16 01:48:47.877718,0.79,0.5,0.0,821,896,729,802,0.0,-31.5
2022-07-16 01:48:47.931684,0.79,0.5,0.0,821,897,729,802,0.0,-31.5
2022-07-16 01:48:47.988726,0.79,0.5,0.0,821,897,727,802,0.0,-31.5
2022-07-16 01:48:48.045719,0.79,0.5,0.0,822,897,727,801,0.0,-31.5
2022-07-16 01:48:48.099687,0.78,0.5,0.0,823,898,726,800,0.0,-31.5
2022-07-16 01:48:48.156685,0.78,0.5,0.0,823,898,725,800,0.0,-31.5
2022-07-16 01:48:48.209683,0.78,0.5,0.0,823,898,725,800,0.0,-31.5
2022-07-16 01:48:48.266718,0.78,0.6,0.0,823,898,725,800,0.0,-31.5
2022-07-16 01:48:48.324685,0.78,0.5,0.0,822,898,725,801,0.0,-31.5
2022-07-16 01:48:48.377717,0.78,0.5,0.0,823,898,725,800,0.0,-31.5
2022-07-16 01:48:48.434719,0.78,0.5,0.0,824,898,726,799,0.0,-31.5
2022-07-16 01:48:48.491718,0.77,0.5,0.0,824,897,727,799,0.0,-31.5
2022-07-16 01:48:48.545717,0.77,0.5,0.0,825,898,728,798,0.0,-31.5
2022-07-16 01:48:48.602718,0.77,0.5,0.0,825,897,730,798,0.0,-31.5
2022-07-16 01:48:48.697684,0.78,0.5,0.0,823,897,728,799,0.0,-31.5
2022-07-16 01:48:48.795684,0.78,0.5,0.0,824,897,728,799,0.0,-31.5
2022-07-16 01:48:48.889718,0.78,0.5,0.0,825,898,730,797,0.0,-31.5
2022-07-16 01:48:48.987684,0.77,0.5,0.0,826,898,732,794,0.0,-31.5
2022-07-16 01:48:49.082724,0.78,0.6,0.0,826,898,729,795,0.0,-31.5
2022-07-16 01:48:49.139718,0.78,0.5,0.0,825,899,727,795,0.0,-31.5
2022-07-16 01:48:49.192720,0.78,0.5,0.0,825,899,728,794,0.0,-31.5
2022-07-16 01:48:49.249720,0.78,0.5,0.0,826,899,728,794,0.0,-31.5
2022-07-16 01:48:49.307684,0.77,0.5,0.0,826,899,727,793,0.0,-31.5
2022-07-16 01:48:49.360718,0.77,0.5,0.0,826,900,726,793,0.0,-31.5
2022-07-16 01:48:49.417722,0.76,0.5,0.0,826,900,727,793,0.0,-31.5
2022-07-16 01:48:49.474717,0.76,0.5,0.0,827,899,728,794,0.0,-31.5
2022-07-16 01:48:49.528686,0.76,0.5,0.0,827,899,729,793,0.0,-31.5
2022-07-16 01:48:49.585720,0.76,0.5,0.0,827,900,729,791,0.0,-31.5
2022-07-16 01:48:49.642721,0.76,0.5,0.0,827,900,728,792,0.0,-31.5
2022-07-16 01:48:49.696724,0.76,0.5,0.0,827,901,727,792,0.0,-31.5
2022-07-16 01:48:49.753683,0.76,0.5,0.0,827,900,724,793,0.0,-31.5
2022-07-16 01:48:49.810684,0.76,0.5,0.0,827,901,725,792,0.0,-31.5
2022-07-16 01:48:49.864720,0.76,0.5,0.0,827,900,724,792,0.0,-31.5
2022-07-16 01:48:49.921720,0.76,0.5,0.0,826,901,724,792,0.0,-31.5
2022-07-16 01:48:49.978720,0.76,0.6,0.0,827,901,723,792,0.0,-31.5
2022-07-16 01:48:50.032719,0.76,0.4,0.0,827,901,724,791,0.0,-31.5
2022-07-16 01:48:50.089685,0.76,0.5,0.0,827,901,723,791,0.0,-31.5
2022-07-16 01:48:50.146688,0.76,0.5,0.0,827,902,722,791,0.0,-31.5
2022-07-16 01:48:50.200720,0.76,0.5,0.0,826,901,722,792,0.0,-31.5
2022-07-16 01:48:50.257728,0.76,0.5,0.0,826,901,721,792,0.0,-31.5
2022-07-16 01:48:50.310720,0.77,0.5,0.0,826,902,720,792,0.0,-31.5
2022-07-16 01:48:50.368684,0.76,0.5,0.0,826,902,720,791,0.0,-31.5
2022-07-16 01:48:50.425737,0.77,0.5,0.0,827,902,719,791,0.0,-31.5
2022-07-16 01:48:50.576720,0.81,0.5,0.0,826,901,720,792,0.0,-28.5
2022-07-16 01:48:50.728719,0.86,0.5,0.0,820,892,734,803,0.0,-25.5
2022-07-16 01:48:50.822685,0.87,0.6,0.0,817,889,740,806,0.0,-25.5
2022-07-16 01:48:50.920719,0.87,0.5,0.0,821,890,738,802,0.0,-25.5
2022-07-16 01:48:51.015718,0.88,0.6,0.0,819,890,736,803,0.0,-25.5
2022-07-16 01:48:51.113718,0.88,0.6,0.0,818,891,734,804,0.0,-25.5
2022-07-16 01:48:51.207718,0.89,0.6,0.0,817,891,731,804,0.0,-25.5
2022-07-16 01:48:51.264683,0.9,0.6,0.0,816,892,729,805,0.0,-25.5
2022-07-16 01:48:51.318724,0.91,0.5,0.0,816,892,726,805,0.0,-25.5
2022-07-16 01:48:51.375683,0.91,0.6,0.0,816,892,724,804,0.0,-25.5
2022-07-16 01:48:51.432688,0.9,0.6,0.0,817,893,724,803,0.0,-25.5
2022-07-16 01:48:51.486718,0.9,0.6,0.0,818,893,724,802,0.0,-25.5
2022-07-16 01:48:51.543685,0.9,0.6,0.0,818,893,723,802,0.0,-25.5
2022-07-16 01:48:51.600718,0.91,0.5,0.0,818,893,721,801,0.0,-25.5
2022-07-16 01:48:51.654685,0.91,0.6,0.0,818,893,720,801,0.0,-25.5
2022-07-16 01:48:51.711685,0.91,0.6,0.0,820,894,721,799,0.0,-25.5
2022-07-16 01:48:51.768721,0.91,0.6,0.0,820,894,721,799,0.0,-25.5
2022-07-16 01:48:51.822718,0.92,0.6,0.0,819,894,718,800,0.0,-25.5
2022-07-16 01:48:51.879685,0.92,0.5,0.0,818,895,718,799,0.0,-25.5
2022-07-16 01:48:51.936761,0.92,0.6,0.0,820,895,717,798,0.0,-25.5
2022-07-16 01:48:51.990760,0.92,0.6,0.0,821,895,717,797,0.0,-25.5
2022-07-16 01:48:52.047761,0.92,0.6,0.0,821,896,716,796,0.0,-25.5
2022-07-16 01:48:52.100727,0.94,0.6,0.0,819,895,714,797,0.0,-25.5
2022-07-16 01:48:52.157760,0.94,0.6,0.0,819,896,713,797,0.0,-25.5
2022-07-16 01:48:52.214727,0.94,0.6,0.0,820,896,712,795,0.0,-25.5
2022-07-16 01:48:52.268764,0.94,0.6,0.0,821,896,713,794,0.0,-25.5
2022-07-16 01:48:52.325762,0.95,0.6,0.0,821,896,712,794,0.0,-25.5
2022-07-16 01:48:52.382761,0.95,0.6,0.0,821,897,711,794,0.0,-25.5
2022-07-16 01:48:52.436967,0.95,0.6,0.0,820,896,708,794,0.0,-25.5
2022-07-16 01:48:52.493932,0.96,0.6,0.0,820,897,709,794,0.0,-25.5
2022-07-16 01:48:52.550970,0.96,0.6,0.0,820,896,710,794,0.0,-25.5
2022-07-16 01:48:52.702968,0.98,0.7,0.0,817,893,716,798,0.0,-22.5
2022-07-16 01:48:52.796967,1.0,0.6,0.0,813,883,723,801,0.0,-22.5
2022-07-16 01:48:52.894968,1.0,0.6,0.0,812,887,722,802,0.0,-22.5
2022-07-16 01:48:52.989967,1.0,0.6,0.0,814,886,721,800,0.0,-22.5
2022-07-16 01:48:53.083932,0.99,0.6,0.0,815,886,723,800,0.0,-22.5
2022-07-16 01:48:53.181960,1.0,0.6,0.0,813,885,723,801,0.0,-22.5
2022-07-16 01:48:53.238967,1.01,0.7,0.0,810,884,724,803,0.0,-22.5
2022-07-16 01:48:53.292973,1.01,0.6,0.0,812,885,725,802,0.0,-22.5
2022-07-16 01:48:53.350006,1.0,0.7,0.0,812,885,724,803,0.0,-22.5
2022-07-16 01:48:53.403011,1.0,0.7,0.0,812,885,725,802,0.0,-22.5
2022-07-16 01:48:53.460973,1.0,0.6,0.0,810,885,725,804,0.0,-22.5
2022-07-16 01:48:53.517974,1.0,0.6,0.0,812,885,725,803,0.0,-22.5
2022-07-16 01:48:53.571007,1.0,0.7,0.0,810,885,721,804,0.0,-22.5
2022-07-16 01:48:53.628976,0.98,0.6,0.0,816,887,720,799,0.0,-22.5
2022-07-16 01:48:53.685971,0.98,0.6,0.0,815,888,719,801,0.0,-22.5
2022-07-16 01:48:53.739009,0.98,0.6,0.0,816,888,719,800,0.0,-22.5
2022-07-16 01:48:53.796006,0.98,0.6,0.0,814,887,716,801,0.0,-22.5
2022-07-16 01:48:53.852971,0.98,0.7,0.0,815,888,716,801,0.0,-22.5
2022-07-16 01:48:53.906971,0.98,0.6,0.0,814,888,717,801,0.0,-22.5
2022-07-16 01:48:53.964005,0.97,0.6,0.0,818,889,715,798,0.0,-22.5
2022-07-16 01:48:54.021006,0.99,0.6,0.0,813,887,716,802,0.0,-22.5
2022-07-16 01:48:54.074975,0.98,0.7,0.0,815,887,714,800,0.0,-22.5
2022-07-16 01:48:54.132010,0.98,0.6,0.0,816,888,715,799,0.0,-22.5
2022-07-16 01:48:54.188974,0.98,0.6,0.0,817,889,711,799,0.0,-22.5
2022-07-16 01:48:54.243006,0.97,0.6,0.0,819,890,710,796,0.0,-22.5
2022-07-16 01:48:54.300007,0.98,0.7,0.0,822,890,713,792,0.0,-22.5
2022-07-16 01:48:54.357007,0.98,0.6,0.0,821,889,715,794,0.0,-22.5
2022-07-16 01:48:54.410973,0.99,0.6,0.0,818,888,708,796,0.0,-22.5
2022-07-16 01:48:54.468008,0.99,0.7,0.0,816,888,705,797,0.0,-22.5
2022-07-16 01:48:54.525010,0.98,0.6,0.0,818,889,705,796,0.0,-22.5
2022-07-16 01:48:54.676996,1.04,0.6,0.0,804,882,717,805,0.0,-19.5
2022-07-16 01:48:54.771011,1.05,0.6,0.0,796,875,729,809,0.0,-19.5
2022-07-16 01:48:54.865971,1.05,0.6,0.0,799,877,726,808,0.0,-19.5
2022-07-16 01:48:54.963973,1.04,0.6,0.0,804,880,721,805,0.0,-19.5
2022-07-16 01:48:55.058204,1.03,0.6,0.0,810,882,716,801,0.0,-19.5
2022-07-16 01:48:55.156235,1.03,0.6,0.0,811,883,712,799,0.0,-19.5
2022-07-16 01:48:55.210201,1.04,0.6,0.0,812,883,710,799,0.0,-19.5
2022-07-16 01:48:55.267237,1.04,0.7,0.0,812,884,708,798,0.0,-19.5
2022-07-16 01:48:55.324244,1.04,0.6,0.0,813,884,707,797,0.0,-19.5
2022-07-16 01:48:55.377203,1.04,0.6,0.0,815,885,706,795,0.0,-19.5
2022-07-16 01:48:55.434242,1.05,0.7,0.0,816,886,704,793,0.0,-19.5
2022-07-16 01:48:55.491238,1.04,0.7,0.0,817,886,701,791,0.0,-19.5
2022-07-16 01:48:55.545235,1.05,0.6,0.0,817,887,701,790,0.0,-19.5
2022-07-16 01:48:55.602235,1.05,0.7,0.0,817,887,702,791,0.0,-19.5
2022-07-16 01:48:55.659239,1.04,0.7,0.0,819,888,703,789,0.0,-19.5
2022-07-16 01:48:55.713238,1.05,0.7,0.0,819,888,702,788,0.0,-19.5
2022-07-16 01:48:55.770238,1.08,0.7,0.0,817,887,700,789,0.0,-19.5
2022-07-16 01:48:55.827203,1.09,0.7,0.0,813,886,698,791,0.0,-19.5
2022-07-16 01:48:55.881239,1.1,0.7,0.0,813,886,696,789,0.0,-19.5
2022-07-16 01:48:55.938235,1.1,0.6,0.0,814,887,695,789,0.0,-19.5
2022-07-16 01:48:55.992240,1.1,0.7,0.0,816,887,696,787,0.0,-19.5
2022-07-16 01:48:56.049238,1.1,0.7,0.0,818,887,697,785,0.0,-19.5
2022-07-16 01:48:56.106238,1.08,0.7,0.0,820,888,702,784,0.0,-19.5
2022-07-16 01:48:56.160212,1.08,0.7,0.0,822,887,704,784,0.0,-19.5
2022-07-16 01:48:56.217201,1.08,0.6,0.0,823,887,703,782,0.0,-19.5
2022-07-16 01:48:56.274236,1.06,0.7,0.0,828,888,708,776,0.0,-19.5
2022-07-16 01:48:56.328239,1.04,0.6,0.0,829,889,709,775,0.0,-19.5
2022-07-16 01:48:56.385201,1.03,0.6,0.0,830,889,710,776,0.0,-19.5
2022-07-16 01:48:56.442393,1.04,0.7,0.0,831,889,711,774,0.0,-19.5
2022-07-16 01:48:56.495427,1.02,0.6,0.0,835,887,723,771,0.0,-19.5
2022-07-16 01:48:56.647394,1.03,0.7,0.0,834,881,739,775,0.0,-16.5
2022-07-16 01:48:56.799393,1.08,0.7,0.0,823,874,748,786,0.0,-13.5
2022-07-16 01:48:56.896429,1.11,0.7,0.0,815,875,752,790,0.0,-13.5
2022-07-16 01:48:56.991425,1.1,0.7,0.0,819,877,748,787,0.0,-13.5
2022-07-16 01:48:57.089435,1.1,0.7,0.0,818,879,743,787,0.0,-13.5
2022-07-16 01:48:57.183425,1.13,0.7,0.0,814,879,734,788,0.0,-13.5
2022-07-16 01:48:57.281390,1.13,0.7,0.0,812,879,730,790,0.0,-13.5
2022-07-16 01:48:57.335437,1.13,0.7,0.0,815,880,731,788,0.0,-13.5
2022-07-16 01:48:57.392427,1.13,0.7,0.0,816,880,731,787,0.0,-13.5
2022-07-16 01:48:57.449569,1.13,0.7,0.0,816,880,731,787,0.0,-13.5
2022-07-16 01:48:57.503691,1.14,0.7,0.0,814,879,730,788,0.0,-13.5
2022-07-16 01:48:57.560661,1.14,0.7,0.0,812,879,728,789,0.0,-13.5
2022-07-16 01:48:57.617704,1.14,0.7,0.0,808,879,725,791,0.0,-13.5
2022-07-16 01:48:57.670699,1.16,0.7,2.0,805,879,722,793,0.0,-13.5
2022-07-16 01:48:57.727696,1.16,0.7,0.0,804,879,717,793,0.0,-13.5
2022-07-16 01:48:57.781660,1.16,0.7,0.0,806,880,713,793,0.0,-13.5
2022-07-16 01:48:57.838695,1.15,0.7,0.0,810,881,715,790,0.0,-13.5
2022-07-16 01:48:57.895696,1.15,0.7,0.0,812,882,716,790,0.0,-13.5
2022-07-16 01:48:57.949700,1.15,0.7,0.0,810,882,711,790,0.0,-13.5
2022-07-16 01:48:58.006698,1.16,0.7,0.0,805,882,703,793,0.0,-13.5
2022-07-16 01:48:58.063663,1.15,0.7,0.0,806,883,702,793,0.0,-13.5
2022-07-16 01:48:58.117702,1.13,0.7,0.0,815,884,710,788,0.0,-13.5
2022-07-16 01:48:58.174695,1.13,0.7,0.0,818,885,712,785,0.0,-13.5
2022-07-16 01:48:58.231695,1.13,0.7,0.0,816,885,710,786,0.0,-13.5
2022-07-16 01:48:58.285696,1.14,0.7,0.0,815,885,707,786,0.0,-13.5
2022-07-16 01:48:58.342699,1.13,0.7,0.0,816,885,706,785,0.0,-13.5
2022-07-16 01:48:58.399664,1.13,0.7,0.0,817,885,709,784,0.0,-13.5
2022-07-16 01:48:58.453662,1.13,0.7,0.0,817,885,708,785,0.0,-13.5
2022-07-16 01:48:58.510695,1.12,0.7,0.0,818,885,708,784,0.0,-13.5
2022-07-16 01:48:58.567695,1.12,0.7,0.0,821,886,710,783,0.0,-13.5
2022-07-16 01:48:58.621665,1.12,0.7,0.0,820,887,708,783,0.0,-13.5
2022-07-16 01:48:58.772695,1.15,0.7,0.0,809,885,699,789,0.0,-10.5
2022-07-16 01:48:58.924662,1.16,0.7,0.0,803,878,713,794,0.0,-7.5
2022-07-16 01:48:59.022685,1.17,0.7,0.0,800,868,726,794,0.0,-7.5
2022-07-16 01:48:59.116695,1.17,0.8,2.0,798,867,725,796,0.0,-7.5
2022-07-16 01:48:59.214906,1.18,0.7,2.0,798,869,718,795,0.0,-7.5
2022-07-16 01:48:59.308906,1.18,0.7,2.0,799,871,710,793,0.0,-7.5
2022-07-16 01:48:59.406907,1.19,0.8,2.0,802,871,709,791,0.0,-7.5
2022-07-16 01:48:59.460906,1.19,0.7,2.0,801,871,711,791,0.0,-7.5
2022-07-16 01:48:59.517874,1.18,0.7,2.0,804,872,715,789,0.0,-7.5
2022-07-16 01:48:59.574907,1.18,0.7,2.0,808,872,716,787,0.0,-7.5
2022-07-16 01:48:59.628912,1.18,0.8,2.0,810,873,715,786,0.0,-7.5
2022-07-16 01:48:59.685906,1.18,0.7,2.0,811,873,716,784,0.0,-7.5
2022-07-16 01:48:59.742906,1.19,0.8,2.0,809,873,715,784,0.0,-7.5
2022-07-16 01:48:59.796873,1.19,0.7,2.0,810,872,717,784,0.0,-7.5
2022-07-16 01:48:59.853906,1.2,0.7,2.0,810,873,718,784,0.0,-7.5
2022-07-16 01:48:59.907873,1.2,0.8,2.0,809,873,717,785,0.0,-7.5
2022-07-16 01:48:59.964909,1.2,0.7,2.0,808,873,714,784,0.0,-7.5
2022-07-16 01:49:00.021872,1.22,0.7,2.0,801,873,706,787,0.0,-7.5
2022-07-16 01:49:00.075874,1.22,0.8,2.0,799,874,700,788,0.0,-7.5
2022-07-16 01:49:00.132874,1.23,0.8,2.0,798,874,695,788,0.0,-7.5
2022-07-16 01:49:00.189928,1.22,0.7,2.0,798,875,695,789,0.0,-7.5
2022-07-16 01:49:00.243873,1.2,0.8,2.0,805,875,700,786,0.0,-7.5
2022-07-16 01:49:00.300873,1.2,0.7,2.0,806,875,701,785,0.0,-7.5
2022-07-16 01:49:00.357907,1.2,0.7,2.0,804,876,701,787,0.0,-7.5
2022-07-16 01:49:00.410909,1.2,0.7,2.0,802,875,699,789,0.0,-7.5
2022-07-16 01:49:00.467912,1.2,0.7,2.0,801,876,695,789,0.0,-7.5
2022-07-16 01:49:00.525116,1.2,0.7,2.0,805,876,698,787,0.0,-7.5
2022-07-16 01:49:00.579118,1.19,0.8,2.0,810,876,705,784,0.0,-7.5
2022-07-16 01:49:00.636115,1.17,0.7,2.0,817,878,709,779,0.0,-7.5
2022-07-16 01:49:00.693122,1.18,0.7,2.0,816,879,703,780,0.0,-7.5
2022-07-16 01:49:00.747085,1.19,0.8,2.0,811,879,695,782,0.0,-7.5
2022-07-16 01:49:00.899082,1.2,0.7,2.0,801,877,695,788,0.0,-4.5
2022-07-16 01:49:00.997082,1.21,0.8,2.0,800,879,696,789,0.0,-4.5
2022-07-16 01:49:01.091117,1.2,0.7,2.0,804,881,692,787,0.0,-4.5
2022-07-16 01:49:01.243119,1.22,0.7,2.0,798,874,697,789,0.0,-1.5
2022-07-16 01:49:01.341118,1.24,0.8,2.0,789,875,701,793,0.0,-1.5
2022-07-16 01:49:01.435119,1.23,0.8,2.0,793,877,700,791,0.0,-1.5
2022-07-16 01:49:01.533119,1.22,0.7,2.0,802,879,703,786,0.0,-1.5
2022-07-16 01:49:01.587117,1.22,0.7,2.0,804,880,704,785,0.0,-1.5
2022-07-16 01:49:01.644121,1.22,0.8,2.0,803,880,703,785,0.0,-1.5
2022-07-16 01:49:01.701122,1.22,0.8,2.0,801,880,700,786,0.0,-1.5
2022-07-16 01:49:01.755082,1.22,0.7,2.0,801,880,700,786,0.0,-1.5
2022-07-16 01:49:01.811496,1.22,0.8,2.0,805,880,702,784,0.0,-1.5
2022-07-16 01:49:01.868500,1.22,0.8,2.0,805,880,701,783,0.0,-1.5
2022-07-16 01:49:01.922498,1.21,0.7,2.0,807,880,703,783,0.0,-1.5
2022-07-16 01:49:01.979504,1.21,0.8,2.0,808,881,702,781,0.0,-1.5
2022-07-16 01:49:02.036498,1.22,0.7,2.0,808,881,701,781,0.0,-1.5
2022-07-16 01:49:02.090501,1.21,0.8,2.0,811,881,702,778,0.0,-1.5
2022-07-16 01:49:02.147495,1.22,0.8,2.0,809,881,699,779,0.0,-1.5
2022-07-16 01:49:02.204465,1.22,0.8,2.0,809,880,698,779,0.0,-1.5
2022-07-16 01:49:02.258506,1.22,0.8,2.0,810,881,700,778,0.0,-1.5
2022-07-16 01:49:02.315462,1.22,0.8,2.0,810,881,698,777,0.0,-1.5
2022-07-16 01:49:02.369496,1.22,0.7,2.0,810,881,697,777,0.0,-1.5
2022-07-16 01:49:02.426463,1.22,0.7,2.0,811,881,698,777,0.0,-1.5
2022-07-16 01:49:02.483495,1.22,0.7,2.0,813,882,698,776,0.0,-1.5
2022-07-16 01:49:02.536702,1.22,0.8,2.0,813,883,697,775,0.0,-1.5
2022-07-16 01:49:02.594668,1.22,0.8,2.0,812,883,696,776,0.0,-1.5
2022-07-16 01:49:02.650701,1.22,0.7,2.0,812,884,694,775,0.0,-1.5
2022-07-16 01:49:02.704704,1.22,0.8,2.0,813,884,694,774,0.0,-1.5
2022-07-16 01:49:02.761704,1.22,0.8,2.0,813,883,693,774,0.0,-1.5
2022-07-16 01:49:02.818667,1.23,0.7,2.0,811,883,692,775,0.0,-1.5
2022-07-16 01:49:02.872667,1.25,0.8,2.0,807,883,687,776,0.0,-1.5
2022-07-16 01:49:03.024666,1.27,0.8,2.0,801,881,681,778,0.0,0.0
2022-07-16 01:49:03.179706,1.28,0.8,2.0,798,879,693,780,0.0,1.5
2022-07-16 01:49:03.330668,1.29,0.8,2.0,795,875,703,780,0.0,3.0
2022-07-16 01:49:03.425669,1.3,0.8,2.0,792,875,706,781,0.0,3.0
2022-07-16 01:49:03.523666,1.3,0.8,2.0,794,877,705,781,0.0,3.0
2022-07-16 01:49:03.617707,1.3,0.8,2.0,793,878,698,780,0.0,3.0
2022-07-16 01:49:03.712693,1.3,0.8,2.0,794,880,693,779,0.0,3.0
2022-07-16 01:49:03.863669,1.29,0.8,2.0,794,881,694,781,0.0,4.5
2022-07-16 01:49:03.961688,1.31,0.8,2.0,785,876,696,784,0.0,4.5
2022-07-16 01:49:04.018704,1.3,0.8,2.0,786,876,696,783,0.0,4.5
2022-07-16 01:49:04.072701,1.3,0.8,2.0,789,874,694,782,0.0,4.5
2022-07-16 01:49:04.129705,1.26,0.8,2.0,800,878,692,780,0.0,4.5
2022-07-16 01:49:04.186702,1.24,0.8,2.0,806,880,691,776,0.0,4.5
2022-07-16 01:49:04.240701,1.26,0.8,2.0,802,880,688,778,0.0,4.5
2022-07-16 01:49:04.297704,1.27,0.8,2.0,798,879,684,780,0.0,4.5
2022-07-16 01:49:04.354704,1.27,0.8,2.0,801,880,684,778,0.0,4.5
2022-07-16 01:49:04.408702,1.27,0.8,2.0,801,880,683,778,0.0,4.5
2022-07-16 01:49:04.465702,1.26,0.8,2.0,802,881,683,778,0.0,4.5
2022-07-16 01:49:04.519703,1.26,0.8,2.0,802,881,682,777,0.0,4.5
2022-07-16 01:49:04.576705,1.26,0.8,2.0,803,882,682,776,0.0,4.5
2022-07-16 01:49:04.633914,1.26,0.8,2.0,804,883,679,775,0.0,4.5
2022-07-16 01:49:04.687874,1.26,0.8,2.0,804,882,679,775,0.0,4.5
2022-07-16 01:49:04.744875,1.26,0.8,2.0,805,883,679,775,0.0,4.5
2022-07-16 01:49:04.801907,1.25,0.8,2.0,806,883,679,774,0.0,4.5
2022-07-16 01:49:04.854872,1.25,0.8,2.0,807,884,678,774,0.0,4.5
2022-07-16 01:49:04.912872,1.25,0.7,2.0,808,884,677,773,0.0,4.5
2022-07-16 01:49:04.968905,1.25,0.8,2.0,810,885,677,772,0.0,4.5
2022-07-16 01:49:05.022907,1.25,0.8,2.0,809,885,676,772,0.0,4.5
2022-07-16 01:49:05.079909,1.25,0.7,2.0,811,886,674,770,0.0,4.5
2022-07-16 01:49:05.136911,1.26,0.8,2.0,811,887,673,769,0.0,4.5
2022-07-16 01:49:05.190912,1.24,0.8,2.0,813,887,673,768,0.0,4.5
2022-07-16 01:49:05.247872,1.24,0.7,2.0,815,887,674,767,0.0,4.5
2022-07-16 01:49:05.304874,1.24,0.8,2.0,814,887,673,767,0.0,4.5
2022-07-16 01:49:05.456909,1.27,0.8,2.0,809,882,675,769,0.0,6.0
2022-07-16 01:49:05.608873,1.28,0.8,2.0,803,881,678,772,0.0,7.5
2022-07-16 01:49:05.759907,1.3,0.8,2.0,800,880,682,772,0.0,9.0
2022-07-16 01:49:05.911872,1.32,0.8,2.0,792,876,688,776,0.0,10.5
2022-07-16 01:49:06.063875,1.33,0.9,2.0,785,876,696,778,0.0,12.0
2022-07-16 01:49:06.160915,1.34,0.8,2.0,786,876,697,777,0.0,12.0
2022-07-16 01:49:06.255922,1.33,0.9,2.0,788,877,696,775,0.0,12.0
2022-07-16 01:49:06.349911,1.33,0.8,2.0,793,878,694,772,0.0,12.0
2022-07-16 01:49:06.504911,1.34,0.9,2.0,787,875,702,774,0.0,13.5
2022-07-16 01:49:06.599918,1.35,0.8,2.0,785,874,703,775,0.0,13.5
2022-07-16 01:49:06.693912,1.34,0.8,2.0,790,874,705,771,0.0,13.5
2022-07-16 01:49:06.750907,1.34,0.8,2.0,796,875,707,768,0.0,13.5
2022-07-16 01:49:06.808907,1.34,0.8,2.0,801,875,709,764,0.0,13.5
2022-07-16 01:49:06.861913,1.34,0.8,2.0,801,876,708,764,0.0,13.5
2022-07-16 01:49:06.918908,1.34,0.8,2.0,801,876,708,763,0.0,13.5
2022-07-16 01:49:06.975912,1.34,0.8,2.0,803,876,709,762,0.0,13.5
2022-07-16 01:49:07.029908,1.34,0.8,2.0,803,877,707,762,0.0,13.5
2022-07-16 01:49:07.086872,1.34,0.8,2.0,803,877,706,762,0.0,13.5
2022-07-16 01:49:07.143873,1.34,0.8,2.0,803,877,704,762,0.0,13.5
2022-07-16 01:49:07.197908,1.34,0.8,2.0,803,878,702,762,0.0,13.5
2022-07-16 01:49:07.254879,1.34,0.8,2.0,804,878,702,761,0.0,13.5
2022-07-16 01:49:07.311908,1.34,0.8,2.0,805,878,704,760,0.0,13.5
2022-07-16 01:49:07.365877,1.34,0.8,2.0,806,879,703,760,0.0,13.5
2022-07-16 01:49:07.422907,1.33,0.8,2.0,806,879,702,759,0.0,13.5
2022-07-16 01:49:07.479874,1.34,0.8,2.0,805,879,702,760,0.0,13.5
2022-07-16 01:49:07.533875,1.34,0.8,2.0,806,879,703,760,0.0,13.5
2022-07-16 01:49:07.590499,1.34,0.8,2.0,804,878,701,760,0.0,13.5
2022-07-16 01:49:07.647465,1.35,0.8,2.0,803,878,699,760,0.0,13.5
2022-07-16 01:49:07.701462,1.35,0.8,2.0,803,879,699,759,0.0,13.5
2022-07-16 01:49:07.758495,1.35,0.8,2.0,803,879,697,759,0.0,13.5
2022-07-16 01:49:07.815460,1.36,0.8,2.0,804,879,697,759,0.0,13.5
2022-07-16 01:49:07.869460,1.36,0.8,2.0,804,880,694,758,0.0,13.5
2022-07-16 01:49:07.926460,1.35,0.8,2.0,805,881,692,757,0.0,13.5
2022-07-16 01:49:07.983499,1.35,0.9,2.0,805,882,690,758,0.0,13.5
2022-07-16 01:49:08.037495,1.35,0.8,2.0,804,881,689,758,0.0,13.5
2022-07-16 01:49:08.189495,1.37,0.8,2.0,796,880,687,762,0.0,15.0
2022-07-16 01:49:08.340499,1.43,0.9,2.0,771,873,692,770,0.0,16.5
2022-07-16 01:49:08.438497,1.43,0.9,2.0,769,871,696,771,0.0,16.5
2022-07-16 01:49:08.533495,1.4,0.9,2.0,779,873,699,768,0.0,16.5
2022-07-16 01:49:08.631461,1.38,0.8,2.0,791,874,708,764,0.0,16.5
2022-07-16 01:49:08.725463,1.39,0.8,2.0,792,875,706,762,0.0,16.5
2022-07-16 01:49:08.823500,1.38,0.8,2.0,798,876,709,758,0.0,16.5
2022-07-16 01:49:08.877462,1.38,0.8,2.0,799,876,710,758,0.0,16.5
2022-07-16 01:49:08.934474,1.38,0.8,2.0,798,876,709,757,0.0,16.5
2022-07-16 01:49:08.991498,1.39,0.8,2.0,796,875,707,758,0.0,16.5
2022-07-16 01:49:09.045495,1.39,0.8,2.0,796,876,706,757,0.0,16.5
2022-07-16 01:49:09.102495,1.39,0.8,2.0,800,876,708,755,0.0,16.5
2022-07-16 01:49:09.159500,1.39,0.8,2.0,800,876,708,755,0.0,16.5
2022-07-16 01:49:09.213462,1.39,0.9,2.0,799,877,706,755,0.0,16.5
2022-07-16 01:49:09.270462,1.39,0.9,2.0,799,878,703,755,0.0,16.5
2022-07-16 01:49:09.327708,1.39,0.9,2.0,799,879,699,755,0.0,16.5
2022-07-16 01:49:09.380694,1.39,0.9,2.0,801,879,698,754,0.0,16.5
2022-07-16 01:49:09.437731,1.38,0.9,2.0,802,879,699,753,0.0,16.5
2022-07-16 01:49:09.495693,1.38,0.8,2.0,805,879,702,752,0.0,16.5
2022-07-16 01:49:09.548727,1.4,0.9,2.0,807,878,706,747,0.0,16.5
2022-07-16 01:49:09.605691,1.39,0.8,2.0,810,879,707,745,0.0,16.5
2022-07-16 01:49:09.662696,1.38,0.8,2.0,812,880,708,744,0.0,16.5
2022-07-16 01:49:09.716727,1.39,0.8,2.0,810,879,706,744,0.0,16.5
2022-07-16 01:49:09.773728,1.39,0.9,2.0,809,879,705,745,0.0,16.5
2022-07-16 01:49:09.830727,1.38,0.8,2.0,811,881,706,744,0.0,16.5
2022-07-16 01:49:09.884693,1.39,0.9,2.0,810,880,705,744,0.0,16.5
2022-07-16 01:49:09.941694,1.39,0.8,2.0,810,881,702,745,0.0,16.5
2022-07-16 01:49:09.998727,1.39,0.8,2.0,809,882,700,744,0.0,16.5
2022-07-16 01:49:10.052746,1.39,0.9,2.0,808,882,696,745,0.0,16.5
2022-07-16 01:49:10.109726,1.39,0.8,2.0,808,883,694,745,0.0,16.5
2022-07-16 01:49:10.166727,1.39,0.9,2.0,809,883,694,743,0.0,16.5
2022-07-16 01:49:10.318728,1.4,0.8,2.0,807,879,698,744,0.0,18.0
2022-07-16 01:49:10.470727,1.44,0.9,2.0,791,862,701,752,0.0,19.5
2022-07-16 01:49:10.564729,1.44,0.9,2.0,788,857,706,754,0.0,19.5
2022-07-16 01:49:10.662727,1.42,0.9,2.0,795,857,714,751,0.0,19.5
2022-07-16 01:49:10.757691,1.41,0.9,2.0,800,858,715,749,0.0,19.5
2022-07-16 01:49:10.854694,1.41,0.9,2.0,803,859,715,747,0.0,19.5
2022-07-16 01:49:10.949693,1.4,0.9,2.0,806,860,715,746,0.0,19.5
2022-07-16 01:49:11.006727,1.39,0.9,2.0,810,860,717,742,0.0,19.5
2022-07-16 01:49:11.063727,1.38,0.8,2.0,815,861,719,739,0.0,19.5
2022-07-16 01:49:11.117693,1.38,0.8,2.0,817,862,718,736,0.0,19.5
2022-07-16 01:49:11.174726,1.38,0.9,2.0,816,861,717,737,0.0,19.5
2022-07-16 01:49:11.231727,1.38,0.8,2.0,817,861,718,736,0.0,19.5
2022-07-16 01:49:11.285694,1.37,0.8,2.0,819,861,719,736,0.0,19.5
2022-07-16 01:49:11.342731,1.38,0.8,2.0,818,862,719,735,0.0,19.5
2022-07-16 01:49:11.399726,1.38,0.8,2.0,817,862,717,736,0.0,19.5
2022-07-16 01:49:11.453891,1.39,0.8,2.0,815,862,715,737,0.0,19.5
2022-07-16 01:49:11.510857,1.4,0.9,2.0,812,861,712,737,0.0,19.5
2022-07-16 01:49:11.567892,1.4,0.9,2.0,811,861,711,738,0.0,19.5
2022-07-16 01:49:11.621857,1.4,0.9,2.0,813,861,713,737,0.0,19.5
2022-07-16 01:49:11.678893,1.4,0.8,2.0,813,861,712,737,0.0,19.5
2022-07-16 01:49:11.735857,1.39,0.8,2.0,814,861,713,736,0.0,19.5
2022-07-16 01:49:11.788891,1.4,0.8,2.0,814,862,713,736,0.0,19.5
2022-07-16 01:49:11.846858,1.4,0.8,2.0,813,861,712,736,0.0,19.5
2022-07-16 01:49:11.902892,1.4,0.9,2.0,815,862,714,736,0.0,19.5
2022-07-16 01:49:11.956857,1.4,0.8,2.0,815,861,714,735,0.0,19.5
2022-07-16 01:49:12.013891,1.4,0.9,2.0,816,862,714,733,0.0,19.5
2022-07-16 01:49:12.070895,1.4,0.8,2.0,817,861,715,732,0.0,19.5
2022-07-16 01:49:12.124892,1.4,0.9,2.0,818,861,715,731,0.0,19.5
2022-07-16 01:49:12.181891,1.4,0.9,2.0,818,862,715,731,0.0,19.5
2022-07-16 01:49:12.238891,1.4,0.8,2.0,818,862,713,730,0.0,19.5
2022-07-16 01:49:12.292892,1.4,0.8,2.0,818,863,712,730,0.0,19.5
2022-07-16 01:49:12.444857,1.42,0.9,2.0,813,856,715,733,0.0,21.0
2022-07-16 01:49:12.595859,1.43,0.9,2.0,810,858,722,736,0.0,22.5
2022-07-16 01:49:12.751098,1.46,0.9,2.0,801,866,728,739,0.0,24.0
2022-07-16 01:49:12.846062,1.47,0.9,2.0,797,864,730,740,0.0,24.0
2022-07-16 01:49:12.940064,1.47,0.9,2.0,800,866,732,736,0.0,24.0
2022-07-16 01:49:13.038097,1.48,0.9,2.0,806,868,732,728,0.0,24.0
2022-07-16 01:49:13.190081,1.5,0.9,2.0,801,865,732,731,0.0,25.5
2022-07-16 01:49:13.342098,1.52,0.9,2.0,791,859,741,735,0.0,27.0
2022-07-16 01:49:13.439064,1.53,1.0,2.0,785,857,738,737,0.0,27.0
2022-07-16 01:49:13.534063,1.54,0.9,2.0,783,860,732,737,0.0,27.0
2022-07-16 01:49:13.591098,1.54,0.9,2.0,785,860,731,735,0.0,27.0
2022-07-16 01:49:13.645064,1.53,1.0,2.0,790,861,731,732,0.0,27.0
2022-07-16 01:49:13.702097,1.56,0.9,2.0,788,860,729,728,0.0,27.0
2022-07-16 01:49:13.759100,1.59,1.0,2.0,785,857,728,724,0.0,27.0
2022-07-16 01:49:13.813064,1.58,0.9,2.0,788,857,730,721,0.0,27.0
2022-07-16 01:49:13.870063,1.55,0.9,2.0,797,859,733,720,0.0,27.0
2022-07-16 01:49:13.927062,1.54,0.9,2.0,801,860,735,717,0.0,27.0
2022-07-16 01:49:13.981064,1.54,0.9,2.0,805,862,733,714,0.0,27.0
2022-07-16 01:49:14.038098,1.53,0.9,2.0,807,862,733,711,0.0,27.0
2022-07-16 01:49:14.095116,1.53,0.9,2.0,810,863,733,709,0.0,27.0
2022-07-16 01:49:14.149063,1.52,0.9,2.0,812,863,733,707,0.0,27.0
2022-07-16 01:49:14.206063,1.52,0.9,2.0,812,864,733,706,0.0,27.0
2022-07-16 01:49:14.263098,1.52,0.9,2.0,812,864,732,706,0.0,27.0
2022-07-16 01:49:14.317064,1.52,0.9,2.0,813,864,732,705,0.0,27.0
2022-07-16 01:49:14.374097,1.52,0.9,2.0,813,865,731,705,0.0,27.0
2022-07-16 01:49:14.431103,1.52,0.9,2.0,813,865,730,704,0.0,27.0
2022-07-16 01:49:14.484097,1.53,0.9,2.0,813,864,730,702,0.0,27.0
2022-07-16 01:49:14.541099,1.58,0.9,2.0,811,860,728,693,0.0,27.0
2022-07-16 01:49:14.599063,1.62,1.0,2.0,805,856,723,685,0.0,27.0
2022-07-16 01:49:14.653067,1.58,0.9,2.0,809,860,722,688,0.0,27.0
2022-07-16 01:49:14.709063,1.56,1.0,2.0,815,860,729,688,0.0,27.0
2022-07-16 01:49:14.767062,1.54,0.9,2.0,819,861,733,689,0.0,27.0
2022-07-16 01:49:14.820097,1.54,0.9,2.0,818,862,731,690,0.0,27.0
2022-07-16 01:49:14.877066,1.56,0.9,2.0,816,862,727,690,0.0,27.0
2022-07-16 01:49:15.029107,1.56,0.9,2.0,812,859,732,696,0.0,28.5
2022-07-16 01:49:15.181064,1.59,1.0,2.0,798,857,735,706,0.0,30.0
2022-07-16 01:49:15.332208,1.59,0.9,2.0,794,853,741,711,0.0,31.5
2022-07-16 01:49:15.430188,1.59,1.0,2.0,793,825,747,713,0.0,31.5
2022-07-16 01:49:15.525155,1.58,0.9,2.0,797,826,749,712,0.0,31.5
2022-07-16 01:49:15.622188,1.55,0.9,2.0,805,827,754,709,0.0,31.5
2022-07-16 01:49:15.717190,1.54,0.9,2.0,808,829,754,707,0.0,31.5
2022-07-16 01:49:15.815190,1.56,0.9,2.0,804,829,749,708,0.0,31.5
2022-07-16 01:49:15.869153,1.55,0.9,2.0,806,829,750,708,0.0,31.5
2022-07-16 01:49:15.926154,1.55,0.9,2.0,807,830,751,707,0.0,31.5
2022-07-16 01:49:15.983187,1.54,1.0,2.0,808,830,751,707,0.0,31.5
2022-07-16 01:49:16.037190,1.54,0.9,2.0,809,831,750,706,0.0,31.5
2022-07-16 01:49:16.094154,1.53,0.9,2.0,811,831,751,706,0.0,31.5
2022-07-16 01:49:16.151190,1.54,0.9,2.0,810,831,751,706,0.0,31.5
2022-07-16 01:49:16.205154,1.53,0.9,2.0,811,832,750,706,0.0,31.5
2022-07-16 01:49:16.262188,1.53,0.9,2.0,812,832,750,705,0.0,31.5
2022-07-16 01:49:16.319190,1.53,0.9,2.0,812,832,750,705,0.0,31.5
2022-07-16 01:49:16.373189,1.54,0.9,2.0,812,833,749,704,0.0,31.5
2022-07-16 01:49:16.430190,1.53,0.9,2.0,813,833,749,704,0.0,31.5
2022-07-16 01:49:16.487190,1.54,0.9,2.0,813,833,749,704,0.0,31.5
2022-07-16 01:49:16.540191,1.54,0.9,2.0,811,833,747,705,0.0,31.5
2022-07-16 01:49:16.597188,1.54,0.9,2.0,811,834,746,704,0.0,31.5
2022-07-16 01:49:16.655154,1.54,0.9,2.0,811,835,746,705,0.0,31.5
2022-07-16 01:49:16.708188,1.54,0.9,2.0,811,834,746,705,0.0,31.5
2022-07-16 01:49:16.765156,1.55,0.9,2.0,809,834,744,706,0.0,31.5
2022-07-16 01:49:16.822188,1.55,0.9,2.0,808,835,741,706,0.0,31.5
2022-07-16 01:49:16.876190,1.55,1.0,2.0,807,835,741,707,0.0,31.5
2022-07-16 01:49:16.933155,1.55,0.9,2.0,808,835,741,706,0.0,31.5
2022-07-16 01:49:16.990155,1.57,0.9,2.0,802,836,735,708,0.0,31.5
2022-07-16 01:49:17.044192,1.57,0.9,2.0,801,835,734,708,0.0,31.5
2022-07-16 01:49:17.101156,1.56,0.9,2.0,803,835,737,709,0.0,31.5
2022-07-16 01:49:17.158187,1.56,0.9,2.0,802,836,735,709,0.0,31.5
2022-07-16 01:49:17.253191,1.56,0.9,2.0,803,837,735,707,0.0,31.5
2022-07-16 01:49:17.351318,1.57,0.9,2.0,803,837,733,707,0.0,31.5
2022-07-16 01:49:17.445319,1.57,0.9,2.0,802,838,733,707,0.0,31.5
2022-07-16 01:49:17.543318,1.57,0.9,2.0,803,837,731,706,0.0,31.5
2022-07-16 01:49:17.695452,1.58,0.9,2.0,800,836,732,707,0.0,33.0
2022-07-16 01:49:17.789490,1.6,0.9,2.0,793,833,733,709,0.0,33.0
2022-07-16 01:49:17.846488,1.59,0.9,2.0,797,834,735,708,0.0,33.0
2022-07-16 01:49:17.900490,1.59,1.0,2.0,797,834,735,708,0.0,33.0
2022-07-16 01:49:17.957450,1.59,1.0,2.0,798,834,734,707,0.0,33.0
2022-07-16 01:49:18.014485,1.59,0.9,2.0,799,834,735,706,0.0,33.0
2022-07-16 01:49:18.068450,1.59,0.9,2.0,799,835,736,706,0.0,33.0
2022-07-16 01:49:18.125495,1.59,1.0,2.0,799,834,735,706,0.0,33.0
2022-07-16 01:49:18.182483,1.59,1.0,2.0,800,835,735,705,0.0,33.0
2022-07-16 01:49:18.236484,1.58,0.9,2.0,801,835,736,704,0.0,33.0
2022-07-16 01:49:18.293449,1.58,0.9,2.0,801,835,736,704,0.0,33.0
2022-07-16 01:49:18.350489,1.58,0.9,2.0,802,835,736,703,0.0,33.0
2022-07-16 01:49:18.404483,1.58,0.9,2.0,803,835,736,703,0.0,33.0
2022-07-16 01:49:18.461483,1.59,0.9,2.0,801,836,734,703,0.0,33.0
2022-07-16 01:49:18.518484,1.6,0.9,2.0,799,835,733,702,0.0,33.0
2022-07-16 01:49:18.572483,1.63,1.0,2.0,792,831,735,703,0.0,33.0
2022-07-16 01:49:18.629450,1.68,0.9,2.0,779,826,737,704,0.0,33.0
2022-07-16 01:49:18.686451,1.7,1.0,2.0,773,824,735,705,0.0,33.0
2022-07-16 01:49:18.743486,1.67,0.9,2.0,778,827,733,704,0.0,33.0
2022-07-16 01:49:18.796715,1.63,0.9,2.0,790,833,728,703,0.0,33.0
2022-07-16 01:49:18.854680,1.64,1.0,2.0,789,834,727,703,0.0,33.0
2022-07-16 01:49:18.911680,1.66,1.0,2.0,785,829,734,703,0.0,33.0
2022-07-16 01:49:18.964715,1.65,0.9,2.0,786,829,736,703,0.0,33.0
2022-07-16 01:49:19.021719,1.63,1.0,2.0,792,831,737,703,0.0,33.0
2022-07-16 01:49:19.078722,1.6,0.9,2.0,797,838,725,703,0.0,33.0
2022-07-16 01:49:19.132718,1.56,0.9,2.0,801,846,709,704,0.0,33.0
2022-07-16 01:49:19.284682,1.51,0.9,2.0,808,853,686,704,0.0,34.5
2022-07-16 01:49:19.436715,1.6,1.0,2.0,792,840,713,708,0.0,36.0
2022-07-16 01:49:19.590682,1.57,0.9,2.0,793,829,714,712,0.0,37.5
2022-07-16 01:49:19.685715,1.62,1.0,2.0,775,823,714,717,0.0,37.5
2022-07-16 01:49:19.780716,1.64,0.9,2.0,778,817,724,711,0.0,37.5
2022-07-16 01:49:19.878680,1.62,0.9,2.0,786,818,727,708,0.0,37.5
2022-07-16 01:49:19.972719,1.56,0.9,2.0,796,829,710,707,0.0,37.5
2022-07-16 01:49:20.124683,1.54,0.9,2.0,797,834,699,710,0.0,39.0
2022-07-16 01:49:20.279682,1.63,1.0,2.0,766,823,699,720,0.0,40.5
2022-07-16 01:49:20.373680,1.62,0.9,2.0,769,821,711,721,0.0,40.5
2022-07-16 01:49:20.430714,1.6,0.9,2.0,770,824,705,722,0.0,40.5
2022-07-16 01:49:20.484680,1.58,0.9,2.0,775,829,694,722,0.0,40.5
2022-07-16 01:49:20.541717,1.54,0.9,2.0,783,835,685,721,0.0,40.5
2022-07-16 01:49:20.598717,1.52,0.9,2.0,789,838,679,719,0.0,40.5
2022-07-16 01:49:20.652715,1.53,0.9,2.0,786,838,677,720,0.0,40.5
2022-07-16 01:49:20.709716,1.54,0.9,2.0,785,836,679,720,0.0,40.5
2022-07-16 01:49:20.766683,1.55,0.9,2.0,784,835,680,720,0.0,40.5
2022-07-16 01:49:20.820680,1.57,0.9,2.0,780,833,683,720,0.0,40.5
2022-07-16 01:49:20.877681,1.56,0.9,2.0,783,833,684,719,0.0,40.5
2022-07-16 01:49:20.934680,1.56,0.9,2.0,783,834,684,718,0.0,40.5
2022-07-16 01:49:20.988683,1.55,0.9,2.0,786,835,680,717,0.0,40.5
2022-07-16 01:49:21.045715,1.53,0.9,2.0,790,839,674,717,0.0,40.5
2022-07-16 01:49:21.102715,1.5,0.9,2.0,796,842,673,716,0.0,40.5
2022-07-16 01:49:21.156682,1.49,0.8,2.0,799,843,672,715,0.0,40.5
2022-07-16 01:49:21.213715,1.48,0.9,2.0,801,844,671,714,0.0,40.5
2022-07-16 01:49:21.270715,1.49,0.8,2.0,799,844,669,714,0.0,40.5
2022-07-16 01:49:21.324682,1.49,0.8,2.0,800,844,670,713,0.0,40.5
2022-07-16 01:49:21.381683,1.5,0.9,2.0,797,842,672,714,0.0,40.5
2022-07-16 01:49:21.438715,1.49,0.9,2.0,801,843,672,712,0.0,40.5
2022-07-16 01:49:21.492715,1.49,0.9,2.0,802,843,673,711,0.0,40.5
2022-07-16 01:49:21.549706,1.48,0.8,2.0,803,844,676,712,0.0,40.5
2022-07-16 01:49:21.606715,1.49,0.9,2.0,800,844,669,713,0.0,40.5
2022-07-16 01:49:21.660682,1.5,0.9,2.0,798,845,663,714,0.0,40.5
2022-07-16 01:49:21.717715,1.48,0.9,2.0,798,847,652,713,0.0,40.5
2022-07-16 01:49:21.868723,1.46,0.9,2.0,803,850,649,713,0.0,42.0
2022-07-16 01:49:22.020681,1.47,0.9,2.0,798,848,648,715,0.0,43.5
2022-07-16 01:49:22.172682,1.49,0.9,2.0,788,843,652,722,0.0,45.0
2022-07-16 01:49:22.326715,1.5,0.9,2.0,787,839,670,722,0.0,46.5
2022-07-16 01:49:22.478721,1.52,0.9,2.0,777,846,678,727,0.0,48.0
2022-07-16 01:49:22.630715,1.53,0.9,2.0,765,847,675,733,0.0,49.5
2022-07-16 01:49:22.781884,1.54,0.9,2.0,759,843,685,736,0.0,51.0
2022-07-16 01:49:22.876848,1.55,0.9,2.0,748,840,687,739,0.0,51.0
2022-07-16 01:49:22.974845,1.56,0.9,2.0,745,839,687,740,0.0,51.0
2022-07-16 01:49:23.068847,1.57,0.9,2.0,744,837,696,740,0.0,51.0
2022-07-16 01:49:23.166880,1.59,1.0,2.0,736,836,691,740,0.0,51.0
2022-07-16 01:49:23.261885,1.64,1.0,2.0,723,828,705,741,0.0,51.0
2022-07-16 01:49:23.318848,1.67,1.0,2.0,714,820,716,741,0.0,51.0
2022-07-16 01:49:23.371846,1.7,1.0,2.0,702,816,721,743,0.0,51.0
2022-07-16 01:49:23.429847,1.69,1.0,2.0,704,816,721,742,0.0,51.0
2022-07-16 01:49:23.486846,1.69,1.0,2.0,707,814,727,742,0.0,51.0
2022-07-16 01:49:23.543880,1.69,1.0,2.0,709,812,733,742,0.0,51.0
2022-07-16 01:49:23.597880,1.69,1.0,2.0,711,813,731,740,0.0,51.0
2022-07-16 01:49:23.654847,1.69,1.0,2.0,711,813,733,741,0.0,51.0
2022-07-16 01:49:23.711882,1.67,1.0,2.0,718,817,729,740,0.0,51.0
2022-07-16 01:49:23.765847,1.66,1.0,2.0,721,820,723,740,0.0,51.0
2022-07-16 01:49:23.822847,1.64,1.0,2.0,726,825,715,739,0.0,51.0
2022-07-16 01:49:23.879881,1.62,1.0,2.0,729,829,707,739,0.0,51.0
2022-07-16 01:49:23.932882,1.62,1.0,2.0,729,831,698,739,0.0,51.0
2022-07-16 01:49:23.990848,1.6,0.9,2.0,736,834,692,737,0.0,51.0
2022-07-16 01:49:24.047850,1.59,1.0,2.0,741,834,698,738,0.0,51.0
2022-07-16 01:49:24.100880,1.57,0.9,2.0,749,836,700,737,0.0,51.0
2022-07-16 01:49:24.157881,1.57,0.9,2.0,749,837,697,737,0.0,51.0
2022-07-16 01:49:24.214885,1.56,0.9,2.0,750,838,695,736,0.0,51.0
2022-07-16 01:49:24.268850,1.56,0.9,2.0,754,839,696,736,0.0,51.0
2022-07-16 01:49:24.325880,1.56,0.9,2.0,756,839,699,735,0.0,51.0
2022-07-16 01:49:24.382880,1.56,0.9,2.0,757,839,699,735,0.0,51.0
2022-07-16 01:49:24.436880,1.56,0.9,2.0,758,840,696,734,0.0,51.0
2022-07-16 01:49:24.493845,1.56,0.9,2.0,755,841,691,734,0.0,51.0
2022-07-16 01:49:24.550879,1.56,1.0,2.0,755,841,688,734,0.0,51.0
2022-07-16 01:49:24.604845,1.56,0.9,2.0,752,841,685,735,0.0,51.0
2022-07-16 01:49:24.702881,1.54,0.9,2.0,760,846,679,733,0.0,51.0
2022-07-16 01:49:24.797881,1.54,0.9,2.0,763,847,677,732,0.0,51.0
2022-07-16 01:49:24.949032,1.56,1.0,2.0,752,843,682,736,0.0,52.5
2022-07-16 01:49:25.047057,1.55,0.9,2.0,754,842,691,737,0.0,52.5
2022-07-16 01:49:25.141056,1.53,0.9,2.0,760,843,695,735,0.0,52.5
2022-07-16 01:49:25.239057,1.51,0.9,2.0,766,846,690,734,0.0,52.5
2022-07-16 01:49:25.293022,1.5,0.9,2.0,769,848,686,733,0.0,52.5
2022-07-16 01:49:25.350063,1.49,0.8,2.0,773,849,686,733,0.0,52.5
2022-07-16 01:49:25.407061,1.48,0.9,2.0,776,849,689,732,0.0,52.5
2022-07-16 01:49:25.461077,1.48,0.9,2.0,776,848,694,732,0.0,52.5
2022-07-16 01:49:25.518057,1.49,0.9,2.0,775,848,692,732,0.0,52.5
2022-07-16 01:49:25.575026,1.5,0.9,2.0,772,847,693,733,0.0,52.5
2022-07-16 01:49:25.629060,1.48,0.9,2.0,779,849,692,731,0.0,52.5
2022-07-16 01:49:25.686058,1.48,0.9,2.0,780,849,694,731,0.0,52.5
2022-07-16 01:49:25.743198,1.47,0.9,2.0,782,849,696,730,0.0,52.5
2022-07-16 01:49:25.797242,1.47,0.9,2.0,784,850,696,729,0.0,52.5
2022-07-16 01:49:25.854238,1.47,0.9,2.0,784,849,696,728,0.0,52.5
2022-07-16 01:49:25.911239,1.47,0.9,2.0,786,850,697,726,0.0,52.5
2022-07-16 01:49:25.965206,1.48,0.9,2.0,785,849,696,726,0.0,52.5
2022-07-16 01:49:26.022235,1.46,0.9,2.0,787,851,695,725,0.0,52.5
2022-07-16 01:49:26.079239,1.47,0.9,2.0,788,850,697,725,0.0,52.5
2022-07-16 01:49:26.133242,1.47,0.8,2.0,788,850,699,724,0.0,52.5
2022-07-16 01:49:26.190251,1.48,0.9,2.0,786,848,701,724,0.0,52.5
2022-07-16 01:49:26.247239,1.5,0.9,2.0,783,846,702,723,0.0,52.5
2022-07-16 01:49:26.300241,1.5,0.9,2.0,785,847,703,722,0.0,52.5
2022-07-16 01:49:26.358239,1.49,0.9,2.0,786,847,703,722,0.0,52.5
2022-07-16 01:49:26.415205,1.48,0.8,2.0,792,849,703,720,0.0,52.5
2022-07-16 01:49:26.468238,1.47,0.9,2.0,794,850,702,719,0.0,52.5
2022-07-16 01:49:26.526206,1.45,0.9,2.0,799,852,703,719,0.0,52.5
2022-07-16 01:49:26.583205,1.45,0.9,2.0,800,852,703,718,0.0,52.5
2022-07-16 01:49:26.734241,1.44,0.8,2.0,802,851,705,715,0.0,54.0
2022-07-16 01:49:26.886204,1.46,0.8,2.0,790,848,701,721,0.0,55.5
2022-07-16 01:49:27.038206,1.48,0.9,2.0,775,843,705,729,0.0,57.0
2022-07-16 01:49:27.132205,1.49,0.9,2.0,770,842,704,731,0.0,57.0
2022-07-16 01:49:27.230241,1.48,0.9,2.0,771,843,703,731,0.0,57.0
2022-07-16 01:49:27.325205,1.49,0.9,2.0,774,842,706,729,0.0,57.0
2022-07-16 01:49:27.422241,1.48,0.9,2.0,777,842,708,728,0.0,57.0
2022-07-16 01:49:27.517206,1.48,0.9,2.0,776,843,704,728,0.0,57.0
2022-07-16 01:49:27.574242,1.49,0.9,2.0,777,844,703,727,0.0,57.0
2022-07-16 01:49:27.631243,1.5,0.9,2.0,775,841,707,726,0.0,57.0
2022-07-16 01:49:27.685206,1.49,0.8,2.0,780,841,714,725,0.0,57.0
2022-07-16 01:49:27.742241,1.5,0.9,2.0,777,841,713,725,0.0,57.0
2022-07-16 01:49:27.799373,1.5,0.9,2.0,777,841,712,725,0.0,57.0
2022-07-16 01:49:27.853336,1.49,0.9,2.0,780,842,713,724,0.0,57.0
2022-07-16 01:49:27.910336,1.48,0.9,2.0,782,841,716,723,0.0,57.0
2022-07-16 01:49:27.967369,1.5,0.9,2.0,779,841,712,724,0.0,57.0
2022-07-16 01:49:28.021338,1.5,0.9,2.0,777,842,709,723,0.0,57.0
2022-07-16 01:49:28.078338,1.5,0.9,2.0,779,842,707,723,0.0,57.0
2022-07-16 01:49:28.135373,1.49,0.9,2.0,780,842,709,722,0.0,57.0
2022-07-16 01:49:28.189338,1.49,0.9,2.0,781,843,708,722,0.0,57.0
2022-07-16 01:49:28.246370,1.49,0.9,2.0,782,843,709,722,0.0,57.0
2022-07-16 01:49:28.303337,1.48,0.9,2.0,784,843,710,722,0.0,57.0
2022-07-16 01:49:28.356375,1.48,0.9,2.0,783,844,707,722,0.0,57.0
2022-07-16 01:49:28.413340,1.47,0.9,2.0,784,846,702,722,0.0,57.0
2022-07-16 01:49:28.471337,1.47,0.9,2.0,786,847,699,721,0.0,57.0
2022-07-16 01:49:28.524370,1.48,0.8,2.0,783,845,701,722,0.0,57.0
2022-07-16 01:49:28.581336,1.46,0.8,2.0,788,847,702,720,0.0,57.0
2022-07-16 01:49:28.638376,1.46,0.9,2.0,792,848,703,719,0.0,57.0
2022-07-16 01:49:28.692335,1.44,0.9,2.0,793,848,705,719,0.0,57.0
2022-07-16 01:49:28.749370,1.45,0.9,2.0,793,849,701,719,0.0,57.0
2022-07-16 01:49:28.806370,1.46,0.8,2.0,792,850,695,718,0.0,57.0
2022-07-16 01:49:28.860370,1.47,0.9,2.0,791,849,695,717,0.0,57.0
2022-07-16 01:49:29.012371,1.49,0.9,2.0,784,845,700,718,0.0,58.5
2022-07-16 01:49:29.167560,1.49,0.9,2.0,775,841,708,726,0.0,60.0
2022-07-16 01:49:29.261522,1.49,0.9,2.0,772,838,717,728,0.0,60.0
2022-07-16 01:49:29.356523,1.49,0.8,2.0,776,837,719,724,0.0,60.0
2022-07-16 01:49:29.454522,1.47,0.8,2.0,784,838,724,722,0.0,60.0
2022-07-16 01:49:29.548557,1.44,0.8,2.0,789,843,716,721,0.0,60.0
2022-07-16 01:49:29.646524,1.44,0.8,2.0,791,844,715,721,0.0,60.0
2022-07-16 01:49:29.700559,1.43,0.8,2.0,792,844,715,721,0.0,60.0
2022-07-16 01:49:29.757560,1.44,0.9,2.0,789,845,711,721,0.0,60.0
2022-07-16 01:49:29.814563,1.44,0.9,2.0,789,846,707,722,0.0,60.0
2022-07-16 01:49:29.868524,1.44,0.9,2.0,787,845,708,721,0.0,60.0
2022-07-16 01:49:29.925524,1.44,0.8,2.0,790,845,709,720,0.0,60.0
2022-07-16 01:49:29.982561,1.44,0.9,2.0,789,845,709,720,0.0,60.0
2022-07-16 01:49:30.036557,1.44,0.9,2.0,789,845,706,720,0.0,60.0
2022-07-16 01:49:30.093559,1.45,0.9,2.0,788,846,705,720,0.0,60.0
2022-07-16 01:49:30.150576,1.44,0.8,2.0,790,846,704,720,0.0,60.0
2022-07-16 01:49:30.203557,1.43,0.9,2.0,791,847,705,720,0.0,60.0
2022-07-16 01:49:30.261557,1.43,0.9,2.0,792,847,705,719,0.0,60.0
2022-07-16 01:49:30.318523,1.43,0.8,2.0,793,847,706,718,0.0,60.0
2022-07-16 01:49:30.372524,1.43,0.9,2.0,795,846,710,717,0.0,60.0
2022-07-16 01:49:30.429524,1.43,0.8,2.0,796,845,714,716,0.0,60.0
2022-07-16 01:49:30.486533,1.44,0.8,2.0,795,843,716,716,0.0,60.0
2022-07-16 01:49:30.539932,1.45,0.8,2.0,793,843,715,716,0.0,60.0
2022-07-16 01:49:30.596902,1.45,0.9,2.0,792,843,714,715,0.0,60.0
2022-07-16 01:49:30.653907,1.44,0.9,2.0,795,843,716,716,0.0,60.0
2022-07-16 01:49:30.707870,1.43,0.8,2.0,798,845,716,715,0.0,60.0
2022-07-16 01:49:30.764868,1.42,0.8,2.0,801,846,716,715,0.0,60.0
2022-07-16 01:49:30.821868,1.42,0.8,2.0,801,845,720,714,0.0,60.0
2022-07-16 01:49:30.875868,1.44,0.8,2.0,798,842,723,714,0.0,60.0
2022-07-16 01:49:30.932868,1.46,0.9,2.0,795,841,724,714,0.0,60.0
2022-07-16 01:49:30.989902,1.47,0.8,2.0,791,838,725,714,0.0,60.0
2022-07-16 01:49:31.084870,1.48,0.9,2.0,790,838,725,713,0.0,60.0
2022-07-16 01:49:31.181903,1.46,0.9,2.0,795,840,725,713,0.0,60.0
2022-07-16 01:49:31.276907,1.45,0.8,2.0,798,841,726,712,0.0,60.0
2022-07-16 01:49:31.428870,1.48,0.9,2.0,789,837,726,714,0.0,61.5
2022-07-16 01:49:31.526869,1.48,0.9,2.0,787,835,729,715,0.0,61.5
2022-07-16 01:49:31.620870,1.46,0.9,2.0,792,837,728,714,0.0,61.5
2022-07-16 01:49:31.677903,1.46,0.9,2.0,793,838,727,713,0.0,61.5
2022-07-16 01:49:31.731906,1.45,0.9,2.0,796,839,728,712,0.0,61.5
2022-07-16 01:49:31.788871,1.44,0.9,2.0,800,841,727,710,0.0,61.5
2022-07-16 01:49:31.845868,1.42,0.9,2.0,805,842,729,708,0.0,61.5
2022-07-16 01:49:31.902868,1.42,0.8,2.0,806,842,731,708,0.0,61.5
2022-07-16 01:49:31.956868,1.42,0.9,2.0,807,843,728,707,0.0,61.5
2022-07-16 01:49:32.013902,1.42,0.8,2.0,807,843,729,707,0.0,61.5
2022-07-16 01:49:32.070903,1.4,0.9,2.0,810,843,730,705,0.0,61.5
2022-07-16 01:49:32.124910,1.4,0.9,2.0,811,844,730,705,0.0,61.5
2022-07-16 01:49:32.181906,1.4,0.9,2.0,812,844,729,704,0.0,61.5
2022-07-16 01:49:32.238872,1.4,0.9,2.0,812,844,727,704,0.0,61.5
2022-07-16 01:49:32.292903,1.4,0.9,2.0,812,845,727,703,0.0,61.5
2022-07-16 01:49:32.349903,1.4,0.9,2.0,813,846,725,703,0.0,61.5
2022-07-16 01:49:32.406902,1.4,0.9,2.0,812,847,723,703,0.0,61.5
2022-07-16 01:49:32.460873,1.39,0.8,2.0,814,848,722,703,0.0,61.5
2022-07-16 01:49:32.517905,1.38,0.8,2.0,816,848,722,702,0.0,61.5
2022-07-16 01:49:32.574904,1.38,0.8,2.0,817,849,723,701,0.0,61.5
2022-07-16 01:49:32.628869,1.38,0.8,2.0,817,848,723,701,0.0,61.5
2022-07-16 01:49:32.685898,1.39,0.8,2.0,815,848,722,701,0.0,61.5
2022-07-16 01:49:32.742903,1.4,0.8,2.0,814,847,721,701,0.0,61.5
2022-07-16 01:49:32.796905,1.4,0.8,2.0,814,847,721,701,0.0,61.5
2022-07-16 01:49:32.853955,1.4,0.8,2.0,814,846,723,700,0.0,61.5
2022-07-16 01:49:32.910955,1.4,0.8,2.0,815,847,724,699,0.0,61.5
2022-07-16 01:49:32.964994,1.39,0.8,2.0,818,847,725,698,0.0,61.5
2022-07-16 01:49:33.115995,1.38,0.8,2.0,818,846,731,701,0.0,63.0
2022-07-16 01:49:33.267959,1.41,0.8,2.0,806,838,738,707,0.0,64.5
2022-07-16 01:49:33.365955,1.41,0.9,2.0,805,837,739,708,0.0,64.5
2022-07-16 01:49:33.459956,1.4,0.8,2.0,807,839,737,708,0.0,64.5
2022-07-16 01:49:33.611991,1.39,0.8,2.0,806,838,738,708,0.0,66.0
2022-07-16 01:49:33.709993,1.4,0.9,2.0,802,835,743,711,0.0,66.0
2022-07-16 01:49:33.803990,1.4,0.9,2.0,802,834,745,710,0.0,66.0
2022-07-16 01:49:33.901991,1.41,0.8,2.0,801,834,742,710,0.0,66.0
2022-07-16 01:49:33.955958,1.41,0.9,2.0,802,835,741,710,0.0,66.0
2022-07-16 01:49:34.013206,1.4,0.8,2.0,802,835,742,711,0.0,66.0
2022-07-16 01:49:34.070204,1.4,0.8,2.0,802,836,741,710,0.0,66.0
2022-07-16 01:49:34.124204,1.4,0.8,2.0,804,836,741,710,0.0,66.0
2022-07-16 01:49:34.181168,1.4,0.8,2.0,804,836,742,709,0.0,66.0
2022-07-16 01:49:34.238204,1.39,0.9,2.0,806,836,742,709,0.0,66.0
2022-07-16 01:49:34.291204,1.41,0.9,2.0,804,834,743,708,0.0,66.0
2022-07-16 01:49:34.349170,1.4,0.8,2.0,805,835,741,708,0.0,66.0
2022-07-16 01:49:34.406170,1.4,0.8,2.0,806,835,743,708,0.0,66.0
2022-07-16 01:49:34.459203,1.39,0.9,2.0,808,836,743,706,0.0,66.0
2022-07-16 01:49:34.517171,1.38,0.8,2.0,809,837,742,706,0.0,66.0
2022-07-16 01:49:34.575382,1.39,0.8,2.0,808,837,740,708,0.0,66.0
2022-07-16 01:49:34.627210,1.39,0.8,2.0,806,837,739,708,0.0,66.0
2022-07-16 01:49:34.684207,1.4,0.9,2.0,806,837,737,708,0.0,66.0
2022-07-16 01:49:34.741242,1.39,0.8,2.0,807,838,739,707,0.0,66.0
2022-07-16 01:49:34.795209,1.38,0.8,2.0,809,838,739,707,0.0,66.0
2022-07-16 01:49:34.852244,1.38,0.8,2.0,809,838,738,706,0.0,66.0
2022-07-16 01:49:34.909209,1.37,0.8,2.0,810,840,736,706,0.0,66.0
2022-07-16 01:49:34.963242,1.37,0.8,2.0,812,841,736,706,0.0,66.0
2022-07-16 01:49:35.020245,1.37,0.9,2.0,813,841,737,704,0.0,66.0
2022-07-16 01:49:35.077242,1.36,0.9,2.0,814,840,738,704,0.0,66.0
2022-07-16 01:49:35.131248,1.38,0.8,2.0,811,838,739,704,0.0,66.0
2022-07-16 01:49:35.188243,1.4,0.8,2.0,810,837,738,703,0.0,66.0
2022-07-16 01:49:35.245245,1.4,0.9,2.0,810,837,740,702,0.0,66.0
2022-07-16 01:49:35.397247,1.37,0.8,2.0,812,839,741,705,0.0,67.5
2022-07-16 01:49:35.549208,1.37,0.8,2.0,807,835,749,711,0.0,69.0
2022-07-16 01:49:35.646246,1.37,0.8,2.0,805,831,754,712,0.0,69.0
2022-07-16 01:49:35.741244,1.36,0.9,2.0,807,832,753,710,0.0,69.0
2022-07-16 01:49:35.836207,1.36,0.8,2.0,812,834,751,706,0.0,69.0
2022-07-16 01:49:35.933248,1.33,0.8,2.0,821,838,746,698,0.0,69.0
2022-07-16 01:49:36.085241,1.35,0.8,2.0,815,834,751,701,0.0,70.5
2022-07-16 01:49:36.180242,1.35,0.8,2.0,814,834,753,704,0.0,70.5
2022-07-16 01:49:36.237210,1.34,0.8,2.0,815,833,753,704,0.0,70.5
2022-07-16 01:49:36.294260,1.34,0.8,2.0,816,835,752,703,0.0,70.5
2022-07-16 01:49:36.348208,1.33,0.8,2.0,818,836,751,702,0.0,70.5
2022-07-16 01:49:36.405209,1.32,0.8,2.0,822,838,751,699,0.0,70.5
2022-07-16 01:49:36.462242,1.3,0.8,2.0,825,839,751,697,0.0,70.5
2022-07-16 01:49:36.515242,1.3,0.8,2.0,825,839,751,697,0.0,70.5
2022-07-16 01:49:36.573208,1.3,0.8,2.0,825,840,750,697,0.0,70.5
2022-07-16 01:49:36.630208,1.3,0.8,2.0,826,839,751,696,0.0,70.5
2022-07-16 01:49:36.683242,1.3,0.8,2.0,827,837,755,695,0.0,70.5
2022-07-16 01:49:36.741208,1.31,0.8,2.0,827,836,757,694,0.0,70.5
2022-07-16 01:49:36.797242,1.32,0.8,2.0,825,834,759,694,0.0,70.5
2022-07-16 01:49:36.851209,1.33,0.8,2.0,824,832,760,693,0.0,70.5
2022-07-16 01:49:36.908247,1.33,0.8,2.0,824,831,761,692,0.0,70.5
2022-07-16 01:49:36.966209,1.32,0.8,2.0,826,832,761,691,0.0,70.5
2022-07-16 01:49:37.019208,1.3,0.8,2.0,829,835,761,690,0.0,70.5
2022-07-16 01:49:37.076211,1.28,0.8,2.0,833,837,761,689,0.0,70.5
2022-07-16 01:49:37.133209,1.28,0.8,2.0,834,839,759,688,0.0,70.5
2022-07-16 01:49:37.187209,1.26,0.8,2.0,837,841,756,687,0.0,70.5
2022-07-16 01:49:37.244233,1.26,0.8,2.0,837,842,755,686,0.0,70.5
2022-07-16 01:49:37.301211,1.28,0.8,2.0,836,841,754,685,0.0,70.5
2022-07-16 01:49:37.355208,1.27,0.8,2.0,838,841,755,684,0.0,70.5
2022-07-16 01:49:37.412210,1.26,0.7,2.0,840,843,756,683,0.0,70.5
2022-07-16 01:49:37.469242,1.24,0.8,2.0,843,844,755,681,0.0,70.5
2022-07-16 01:49:37.523209,1.23,0.8,2.0,845,846,753,678,0.0,70.5
2022-07-16 01:49:37.678211,1.2,0.8,2.0,858,853,739,652,0.0,72.0
2022-07-16 01:49:37.830210,1.22,0.8,2.0,853,846,749,657,0.0,73.5
2022-07-16 01:49:37.981209,1.24,0.7,2.0,845,839,754,668,0.0,75.0
2022-07-16 01:49:38.133210,1.26,0.8,2.0,839,835,758,676,0.0,76.5
2022-07-16 01:49:38.285209,1.28,0.8,2.0,832,829,761,684,0.0,78.0
2022-07-16 01:49:38.436246,1.29,0.8,2.0,824,822,770,695,0.0,79.5
2022-07-16 01:49:38.534209,1.29,0.8,2.0,820,820,773,700,0.0,79.5
2022-07-16 01:49:38.629245,1.28,0.8,2.0,822,821,775,699,0.0,79.5
2022-07-16 01:49:38.726209,1.28,0.8,2.0,822,821,776,700,0.0,79.5
2022-07-16 01:49:38.821234,1.28,0.8,2.0,822,820,776,699,0.0,79.5
2022-07-16 01:49:38.916207,1.28,0.8,2.0,823,820,776,698,0.0,79.5
2022-07-16 01:49:38.973242,1.26,0.8,2.0,826,822,777,697,0.0,79.5
2022-07-16 01:49:39.030214,1.25,0.8,2.0,827,824,776,697,0.0,79.5
2022-07-16 01:49:39.083246,1.26,0.8,2.0,826,823,776,697,0.0,79.5
2022-07-16 01:49:39.141207,1.25,0.7,2.0,827,823,777,697,0.0,79.5
2022-07-16 01:49:39.198242,1.25,0.8,2.0,828,823,779,696,0.0,79.5
2022-07-16 01:49:39.251341,1.25,0.7,2.0,829,822,780,695,0.0,79.5
2022-07-16 01:49:39.308338,1.25,0.7,2.0,830,822,780,694,0.0,79.5
2022-07-16 01:49:39.365340,1.25,0.7,2.0,829,822,779,694,0.0,79.5
2022-07-16 01:49:39.419374,1.25,0.8,2.0,829,823,778,694,0.0,79.5
2022-07-16 01:49:39.476342,1.24,0.8,2.0,830,824,778,694,0.0,79.5
2022-07-16 01:49:39.533378,1.24,0.8,2.0,832,825,778,694,0.0,79.5
2022-07-16 01:49:39.587344,1.21,0.8,2.0,835,827,778,692,0.0,79.5
2022-07-16 01:49:39.644374,1.19,0.7,2.0,838,829,779,690,0.0,79.5
2022-07-16 01:49:39.701341,1.19,0.8,2.0,839,829,779,690,0.0,79.5
2022-07-16 01:49:39.755375,1.19,0.7,2.0,838,829,780,691,0.0,79.5
2022-07-16 01:49:39.812374,1.2,0.8,2.0,838,828,780,690,0.0,79.5
2022-07-16 01:49:39.869339,1.2,0.7,2.0,837,829,779,690,0.0,79.5
2022-07-16 01:49:39.923339,1.2,0.7,2.0,838,828,779,690,0.0,79.5
2022-07-16 01:49:39.980377,1.2,0.7,2.0,838,829,780,690,0.0,79.5
2022-07-16 01:49:40.037339,1.2,0.7,2.0,839,829,781,689,0.0,79.5
2022-07-16 01:49:40.091340,1.19,0.7,2.0,839,828,781,690,0.0,79.5
2022-07-16 01:49:40.148339,1.19,0.7,2.0,839,829,780,689,0.0,79.5
2022-07-16 01:49:40.205374,1.19,0.8,2.0,839,829,780,690,0.0,79.5
2022-07-16 01:49:40.259339,1.2,0.8,2.0,840,829,779,689,0.0,79.5
2022-07-16 01:49:40.414341,1.19,0.7,2.0,837,827,782,694,0.0,81.0
2022-07-16 01:49:40.508339,1.2,0.7,2.0,832,824,787,701,0.0,81.0
2022-07-16 01:49:40.603341,1.2,0.8,2.0,832,822,790,701,0.0,81.0
2022-07-16 01:49:40.701374,1.2,0.8,2.0,832,822,791,701,0.0,81.0
2022-07-16 01:49:40.795374,1.2,0.7,2.0,833,822,792,700,0.0,81.0
2022-07-16 01:49:40.893340,1.19,0.7,2.0,835,822,793,699,0.0,81.0
2022-07-16 01:49:40.947375,1.19,0.7,2.0,835,822,792,698,0.0,81.0
2022-07-16 01:49:41.004375,1.18,0.7,2.0,836,823,792,697,0.0,81.0
2022-07-16 01:49:41.061377,1.18,0.7,2.0,838,823,793,695,0.0,81.0
2022-07-16 01:49:41.118341,1.17,0.8,2.0,839,824,792,694,0.0,81.0
2022-07-16 01:49:41.172374,1.17,0.7,2.0,839,825,791,694,0.0,81.0
2022-07-16 01:49:41.229374,1.17,0.7,2.0,840,826,791,693,0.0,81.0
2022-07-16 01:49:41.286368,1.17,0.7,0.0,841,826,791,691,0.0,81.0
2022-07-16 01:49:41.340339,1.16,0.7,0.0,843,827,791,689,0.0,81.0
2022-07-16 01:49:41.397344,1.15,0.7,0.0,844,828,790,688,0.0,81.0
2022-07-16 01:49:41.451375,1.15,0.7,0.0,845,828,790,687,0.0,81.0
2022-07-16 01:49:41.508375,1.14,0.7,0.0,847,829,791,685,0.0,81.0
2022-07-16 01:49:41.565374,1.12,0.6,0.0,849,830,791,683,0.0,81.0
2022-07-16 01:49:41.619342,1.12,0.6,0.0,850,831,791,682,0.0,81.0
2022-07-16 01:49:41.676374,1.12,0.7,0.0,851,831,791,681,0.0,81.0
2022-07-16 01:49:41.733378,1.12,0.7,0.0,851,830,791,681,0.0,81.0
2022-07-16 01:49:41.787374,1.13,0.7,0.0,850,831,790,681,0.0,81.0
2022-07-16 01:49:41.844339,1.14,0.7,0.0,848,830,790,681,0.0,81.0
2022-07-16 01:49:41.901339,1.13,0.7,0.0,851,830,792,679,0.0,81.0
2022-07-16 01:49:41.955373,1.12,0.7,0.0,853,832,793,678,0.0,81.0
2022-07-16 01:49:42.012340,1.1,0.7,0.0,855,834,792,676,0.0,81.0
2022-07-16 01:49:42.069340,1.09,0.7,0.0,856,835,792,675,0.0,81.0
2022-07-16 01:49:42.122378,1.08,0.7,0.0,857,835,791,674,0.0,81.0
2022-07-16 01:49:42.180339,1.08,0.7,0.0,857,835,792,674,0.0,81.0
2022-07-16 01:49:42.237341,1.08,0.7,0.0,858,835,792,674,0.0,81.0
2022-07-16 01:49:42.388373,1.08,0.7,0.0,856,833,795,677,0.0,82.5
2022-07-16 01:49:42.540375,1.08,0.7,0.0,853,831,799,683,0.0,84.0
2022-07-16 01:49:42.692375,1.09,0.7,0.0,847,824,807,696,0.0,85.5
2022-07-16 01:49:42.789374,1.1,0.7,0.0,843,819,811,703,0.0,85.5
2022-07-16 01:49:42.884339,1.09,0.7,0.0,844,820,812,703,0.0,85.5
2022-07-16 01:49:42.978375,1.08,0.6,0.0,845,821,812,702,0.0,85.5
2022-07-16 01:49:43.076374,1.09,0.7,0.0,844,820,812,703,0.0,85.5
2022-07-16 01:49:43.171340,1.08,0.6,0.0,845,820,812,703,0.0,85.5
2022-07-16 01:49:43.228379,1.08,0.7,0.0,845,820,812,703,0.0,85.5
2022-07-16 01:49:43.285340,1.08,0.7,0.0,844,820,812,704,0.0,85.5
2022-07-16 01:49:43.339340,1.08,0.6,0.0,844,819,814,703,0.0,85.5
2022-07-16 01:49:43.396385,1.09,0.7,0.0,844,818,815,704,0.0,85.5
2022-07-16 01:49:43.453375,1.1,0.7,0.0,843,817,815,705,0.0,85.5
2022-07-16 01:49:43.507374,1.1,0.7,0.0,843,817,814,704,0.0,85.5
2022-07-16 01:49:43.564385,1.1,0.7,0.0,842,817,816,704,0.0,85.5
2022-07-16 01:49:43.621374,1.09,0.7,0.0,844,817,816,704,0.0,85.5
2022-07-16 01:49:43.675376,1.08,0.7,0.0,845,818,816,703,0.0,85.5
2022-07-16 01:49:43.732376,1.06,0.7,0.0,848,820,817,701,0.0,85.5
2022-07-16 01:49:43.789344,1.05,0.7,0.0,848,820,817,702,0.0,85.5
2022-07-16 01:49:43.843339,1.05,0.7,0.0,848,821,817,703,0.0,85.5
2022-07-16 01:49:43.900340,1.05,0.7,0.0,849,822,816,702,0.0,85.5
2022-07-16 01:49:43.957377,1.04,0.7,0.0,849,822,817,702,0.0,85.5
2022-07-16 01:49:44.010379,1.04,0.6,0.0,851,822,818,700,0.0,85.5
2022-07-16 01:49:44.068367,1.03,0.7,0.0,851,822,818,699,0.0,85.5
2022-07-16 01:49:44.125385,1.04,0.7,0.0,851,822,818,700,0.0,85.5
2022-07-16 01:49:44.178622,1.04,0.7,0.0,850,822,818,700,0.0,85.5
2022-07-16 01:49:44.235610,1.04,0.7,0.0,850,821,819,701,0.0,85.5
2022-07-16 01:49:44.292610,1.04,0.6,0.0,850,821,820,700,0.0,85.5
2022-07-16 01:49:44.346579,1.04,0.7,0.0,850,819,821,700,0.0,85.5
2022-07-16 01:49:44.403575,1.04,0.7,0.0,850,819,821,700,0.0,85.5
2022-07-16 01:49:44.460612,1.04,0.7,0.0,851,820,821,700,0.0,85.5
2022-07-16 01:49:44.514626,1.04,0.7,0.0,851,821,820,699,0.0,85.5
2022-07-16 01:49:44.612611,1.02,0.6,0.0,853,822,820,697,0.0,85.5
2022-07-16 01:49:44.706617,1.02,0.7,0.0,854,822,822,698,0.0,85.5
2022-07-16 01:49:44.804610,1.02,0.6,0.0,853,822,821,697,0.0,85.5
2022-07-16 01:49:44.899576,1.02,0.6,0.0,854,822,822,697,0.0,85.5
2022-07-16 01:49:44.993612,1.01,0.6,0.0,855,823,822,696,0.0,85.5
2022-07-16 01:49:45.051577,0.99,0.6,0.0,857,824,821,695,0.0,85.5
2022-07-16 01:49:45.108577,0.97,0.6,0.0,859,826,822,693,0.0,85.5
2022-07-16 01:49:45.161613,0.96,0.7,0.0,860,828,821,692,0.0,85.5
2022-07-16 01:49:45.218610,0.96,0.6,0.0,861,828,822,693,0.0,85.5
2022-07-16 01:49:45.275610,0.95,0.6,0.0,861,828,822,692,0.0,85.5
2022-07-16 01:49:45.329611,0.95,0.6,0.0,861,828,822,692,0.0,85.5
2022-07-16 01:49:45.386613,0.95,0.6,0.0,862,829,822,691,0.0,85.5
2022-07-16 01:49:45.443611,0.94,0.6,0.0,862,829,822,690,0.0,85.5
2022-07-16 01:49:45.497578,0.94,0.6,0.0,863,830,822,690,0.0,85.5
2022-07-16 01:49:45.554615,0.93,0.6,0.0,863,829,824,690,0.0,85.5
2022-07-16 01:49:45.611578,0.92,0.6,0.0,864,829,823,689,0.0,85.5
2022-07-16 01:49:45.665600,0.92,0.6,0.0,865,830,823,688,0.0,85.5
2022-07-16 01:49:45.722612,0.92,0.6,0.0,865,830,823,688,0.0,85.5
2022-07-16 01:49:45.779610,0.92,0.6,0.0,865,831,822,687,0.0,85.5
2022-07-16 01:49:45.833576,0.92,0.6,0.0,865,831,822,688,0.0,85.5
2022-07-16 01:49:45.890621,0.91,0.6,0.0,865,831,822,688,0.0,85.5
2022-07-16 01:49:45.947575,0.9,0.5,0.0,866,831,823,687,0.0,85.5
2022-07-16 01:49:46.001577,0.9,0.6,0.0,866,832,823,686,0.0,85.5
2022-07-16 01:49:46.058577,0.91,0.6,0.0,865,831,823,686,0.0,85.5
2022-07-16 01:49:46.115578,0.91,0.5,0.0,866,831,824,686,0.0,85.5
2022-07-16 01:49:46.169610,0.91,0.6,0.0,866,831,823,686,0.0,85.5
2022-07-16 01:49:46.226588,0.92,0.5,0.0,866,831,823,686,0.0,85.5
